用户名,评论时间,评论内容,评分,赞同数
朝阳区陆依萍,2023-04-29 11:08:35,扪心自问，我对这部电影到底期待些什么！！！只能说除了白姐外（戏份大概一天就能拍完吧），这部电影主创都可以Die了～,10,270
不留痕迹,2023-04-29 10:12:08,依然是个网大质感的创作，麦庄解体后麦兆辉真的越来越不行了，唯一的进步是这次终于不再有脸cue无间道了,20,198
Huzixuannel,2023-04-29 09:28:13,一个极其简单的故事，大家都在为之卖力地表演，有一种屎上雕花般的喜剧感。,30,602
谢谢你们的鱼,2023-04-29 19:39:50,扫黑除恶、强奸案、凶杀案、盗墓案，一部电影讲这么多内容，结果哪儿哪儿也不挨着，叙事毫无重点。角色不好好塑造，悬念不好好构建，叙事不好好设计，和麦兆辉的前作《廉政风云》一样都是那种头重脚轻、死气沉沉的全明星烂片。112分钟就像在看没头没尾的电视剧，法庭戏你一句我一句慢条斯理的说话，我都想开2倍速了。,10,143
澹忘语,2023-04-29 14:20:57,剧本太薄弱了，漏洞太多。黄景瑜和白百何的感情戏太尴尬了，还不如拍黄景瑜和岳云鹏的感情戏🙄,30,239
豆瓣路人己,2023-04-29 09:35:31,麦兆辉和庄文强，完美呈现当下香港电影整体的差距。,20,145
小麦🍑,2023-04-29 20:32:21,剧本太薄弱了很无聊，公职人员尤其还是要案在身怎么可能在公交上打电话说案情，真的很降智。命案变成了盗墓案我真的一脸懵，黄景瑜很帅身材很好，但真的浪费了，白姐没有贡献更好的演技。,30,85
念念小神经,2023-04-29 14:28:42,"两星半到三星吧
如果导演或者编剧的目的是要展现检察官这一职业的工作状态的话，请不要再让停职/离职的人包着纸箱子了太悬浮悬浮了
还有。。。怎么会在公交车上大声说拿到什么了嘛",30,51
开平彭于晏,2023-04-29 14:36:24,【41】《猎屠》2.0，《盗墓笔记》联合改编，众星云集齐力出演廉价小片，这个五一假期最快乐的喜剧，比《人生路不熟》好笑！@检察风云,10,118
基瑞尔,2023-04-29 13:18:23,明眼看得出来是《廉政风云》大扑街之后，（某种意义上）“不得已为之”的北上圈钱尝试；但是驱使我唯一买票的原因只是想助力白姐美美达成百亿，也不想计较那么多。在故事无法深究、这个体系之下拍检察故事的电影几乎没有任何意义的背景下；更让人心梗的是本片陈旧的布景，莫名的收音与配音，犹如“港风·网大”般偶尔闪现的冷幽默和突兀的演绎，真的很好奇这算抹黑职业和机构了吗？黄景瑜演演警员、更简单粗暴的角色还行，这里一开口就出戏，有种他被迫穿了衣服的不适。,20,112
Alpha,2023-04-29 17:25:09,港导到大陆来淘金，就不能用点儿心？,30,25
缺觉,2023-04-29 15:27:38,一个香港导演拍了一部内地电视剧，,20,75
我可能是个演员,2023-05-02 00:40:00,1.黄景瑜是怎么做到全程除了笑之外都是一个皱眉表情的？2.真相的揭露也是莫名其妙，从冯绍峰自杀到王丽坤回忆真相，再到法庭的陈述宣判总结，全程不超过3分钟吧？有这么赶时间吗？儿戏一般。3.黄景瑜“可以做我女朋友吗”那场戏简直看的如坐针毡芒刺在背，苍天饶过谁，谁看谁受罪。4.最震惊的一点是剧情里竟然有盗墓元素，简直防不胜防。,20,55
me,2023-04-29 14:26:48,不知道看了啥……最后严市长呢,20,42
苏黎世的列车,2023-05-04 00:59:17,收尾收得太快了，本来感觉盗墓这条线挺有意思的，但是可能编剧都编不下去了。感觉白百合还是适合演小妞电影，因为她说话语气就有些轻佻。既然“复出”了，下次给写个爱情题材吧，这部里加入爱情线有些违和。【中影南方影城/1 person attendance/35.03元】（最近每天晚上来看电影，老板都认识我了，每次都给我提前放）,30,0
j...oker,2023-04-29 10:48:29,终于可以标了！大概是两年前在北京参加了一场神秘观影，就是这部，感觉当时都几乎定剪，居然又过了这么久才上。感觉是中规中矩的扫黑片。,-t,12
遥望晨时还似雪,2023-04-29 12:56:57,确实是这样，即使是犯罪分子也有被法律保护的权利,50,182
仙人掌,2023-04-29 21:41:08,导演麦兆辉对题材和节奏的把握非常强；编剧把故事讲的扣人心弦；一众实力派演员的演绎给电影加分不少。王千源这次突破以往的形象演了个“逗比”，生动有趣。黄景瑜也太帅了吧，映后互动现场看到真人，感叹他有一张伟大的脸。,30,15
影错强,2023-05-08 11:40:48,本来想看白百何呢？结果口碑差得完全无欲望看了,-t,1
富嶽百景,2023-05-05 04:27:31,完整的讲了一个故事，简单好猜,-t,0
徐若风,2023-04-29 09:35:22,麦兆辉导演的叙事能力、特质没丢。真实案件改编的基底，一出全视角大尺度的群像戏。案中有案，逐层铺开铺垫和反转。作为检察官题材的罪案公诉片，并不流于板正，仍被拍出了悬疑性，庭辩精彩。即使观众已知反派真凶是谁，也依旧会对如何实施惩戒的悬念所吸引。,40,141
Soap,2023-04-29 12:54:01,夏薇在被审讯的时候，突然身体出现不适，那块儿的演技真的是好真实呀,40,205
今天一定要开心,2023-04-29 11:58:23,悬疑部分bug太多了，看的时候眉头紧皱。白姐的戏份少得可怜，没有发挥出什么。不过票是熟人送的，所以…就这样吧。ps：邻座的一个男观众睡了一个多小时，呼声太大，太影响我看电影了。,20,45
臻圣,2023-04-29 08:27:48,卡司阵容包揽老中青三代实力派演员，不少《扫黑风暴》、《狂飙》中的熟悉面孔，王千源就是定海神针。看着黄景瑜在娱乐圈“服兵役”多年，抛去擅长的枪战动作戏首次出演检察官角色，他也在努力突破自己的角色瓶颈。岳云鹏的耍宝和王千源的冷笑话承包了主要的笑点。黄白作为辩护对手，插入的“前任感情线回忆”为严肃题材注入些轻松的氛围，浓烈的违和感莫名好笑。包贝尔是最大败笔，还是那股油腻劲儿，根本不会演戏。在我以为故事就要围绕包贝尔这个反派角色陷入俗套时，猛然挖掘出案中案的线索；后面剧情也随着包贝尔掉线开始好看起来。刻画的人物正邪善恶分明，收尾干净利落不拖泥带水，如果能把前面“女大学生案”设计的再自然点，观感会更好。#北京超前点映#,30,30
椭蓝默佐,2023-04-29 12:56:16,整部电影以悬疑推理为主演，爱情喜剧为辅，所以说看的时候既不觉得沉闷，也不会太过轻松,50,185
酱爆桑,2023-04-29 15:49:55,【0】弱智电影。又被诈骗到在电影院看电视剧。在摆明真相和凶手的前提下，非要拉长时间堆砌恶心观众，人物无脑冲，案件没细节，黄景瑜的表演同剧情反转一样令人发笑。用拍电视剧的思路拍了两集电视剧，完全逃离不了电视剧视听审美的品味。警检对峙跟闹着玩，凶杀悬疑要加点盗墓案，每个角色都假到令人发讪。扫黑风暴拍完了来拍点警检风暴，官官相护，扫黑除恶，正能量满满。每个角色的弱智，犯罪片，爱情片，正向片，全都要。你问麦兆辉的特质是什么？特质就是特别能制造屎。,10,117
seamouse,2023-04-29 13:22:05,5。用我爸手机约的免费场。才看完《正义回廊》接着就看内地法庭戏，虽不能说有确实差距，但至少差异是明显的。是的，两部我都不怎么喜欢。《检查风云》剧情事实简单，拍得正儿八经，不追求让观众烧脑的效果，而是通过直截了当的正邪对立，尽可能制造爽片可能。至于爽没爽到，狂没狂飙，因人而异。,20,50
一灯,2023-04-30 17:05:28,太多巧合绝不是好电影,-t,2
Reminiscent,2023-05-03 09:00:50,应该列为禁片，耽误老百姓时间。,10,82
雾都一枝花儿,2023-04-29 20:45:05,里面最不出戏的居然是包贝尔，可谓是本色出演，没人反对吧？王千源藏证据被追那段简直又“牛逼”又离谱，都甩掉了不赶紧跑，留在原地等着被撞呗，我大呼救命的程度。why？我们白姐何至于此？,10,55
闲人,2023-04-29 17:32:03,平庸到完全没有一点可说的电影。麦兆辉离开庄文强的剧本之后，电影水准直线下滑。,20,30
付突突,2023-04-29 17:48:58,一开始像那么回事，铺垫的有点东西，然后开始搞男女主谈恋爱，然后岳云鹏搞笑，然后是各种巧合，证据得来全不费功夫。真是受不了。国产电影啥时候能认真搞剧本啊。,20,31
花酒间,2023-04-29 18:03:01,事实证明，港台导演拍的主旋律，和脑子正常的人拍的主旋律之间有一道不可逾越的鸿沟。很多口型都配不上。 完全是按香港英美法系来拍的，希望导演你以后多做点功课，不要拿着白粉的钱，干着卖米粉的活。没人拿枪逼着你拍。是后悔自己没拍过盗墓笔记/鬼吹灯吗？想拍盗墓，麻烦另起炉灶。大白天，人来人往，有人摔死，合计就三人知道？三人臂力惊人，没人拖拽，没人拉着就能上去。可惜了一帮好演员。另外，小岳岳真的很搞笑。,20,18
||Outsider〝,2023-04-30 21:34:17,"一坨狗屎。
检察院大厅放的教育片都比这个好看。",10,29
JoeyLu陆柏宇,2023-05-01 23:35:20,故事可以，就是后期做的让片子显得廉价。,20,5
柚桉桤,2023-04-29 23:12:23,难看，故事线漏洞百出，剧情也很零碎，煽情点制造得很牵强，白瞎了白姐和王千源,20,17
武侠小王子,2023-04-29 09:14:21,结构清晰，在案件开庭黄景瑜饰演的检察官与白百合饰演的律师交锋的主线上，通过人物辩驳引出案件的全貌，环环相扣，代入感很强，猜测案件真相以及隐藏在深处的保护伞是谁。不严肃沉闷，恰到好处的融入了喜剧元素！无论是小岳岳的喜感还是王千源饰演的检察官的某些“神助攻”，看到的时候都忍不住笑出声。,40,135
六百味地黄丸,2023-04-29 12:55:19,童雨辰在自己的计划得逞的时候，冲着李睿一笑，可以称得上是笑里藏刀了,40,187
wky,2023-04-30 23:48:07,超简单的剧情...尴尬插入的恋爱戏份...,20,21
朝阳区妻夫木聪,2023-04-30 22:44:24,如果不是刀架在脖子上，实在很难让人相信麦兆辉会拍出这么伟光正且无聊的作品，就连白姐都无聊的让人没有任何发言欲望。,20,11
野生动物没有园,2023-04-29 12:52:39,黄景瑜和王千源联手办案，这两个硬汉隔着屏幕都能感觉到一种正义感,40,171
伦敦的雾,2023-04-29 11:00:59,不得不说，王丽坤真的很适合这种内敛大气的角色，从她身上我看到了女性的力量，柔和的外表之下也有千钧之力。,50,156
阿弥陀佛,2023-05-01 21:09:43,各方面都不错，演员表现都很好,50,13
叫我高舒夜,2023-04-29 12:37:12,救命，比长空之王还难看，我造什么孽啊美好的假期看这种烂片，黄景瑜和白百合的文戏包括谈恋爱和庭审全部一塌糊涂，尤其是黄景瑜，以后还是专心排动作戏吧，因为他眉头一皱发现事情并不简单……剧情逻辑简直是把观众智商按在地上摩擦。,20,20
恶魔的步调,2023-04-29 11:40:57,印象里检察官视角的罪案公诉题材这是第一次，也算让观众明白公检法机关在面对案情上职业的不同分工。检察官这个工作其实比屏幕上展现的更加辛苦，阅卷提审、调查取证、出庭公诉，每一个环节都要付诸心血和汗水。,40,71
windNOTRain,2023-04-29 12:55:47,检察风云有真实案例改编做基础，使得整个故事很有真实感，片中还融入了不少检察官办案的专业内容，使得影片更有说服力。,40,161
...,2023-05-01 00:33:06,一直很喜欢白百何的表演方式，她的台词功底真的非常好,40,14
风归去,2023-04-29 18:23:00,如坐针毡，如芒刺背，如鲠在喉,10,37
Verschueren,2023-04-29 16:43:58,"以检查官视角李睿的陈述进行案情推演，又倒叙，案情环环相扣，全程无尿点，非常引人入胜，但整个故事给观众看的却是直给，过瘾！
观影过程仿佛参与了法院的旁听，而整个电影是我脑海中进行“揭开真相”的推演。
洪俊山自杀的时候画面非常有冲击力。
隔着荧幕都能感受到几位主演的气场。
景瑜挺身进包间的时候胸肌先进来，盘靓条顺好喜欢！
白姐还是这么让人喜欢，从监狱出来，对着王千源问好，甜甜一笑，太可爱！",50,36
Crazy Ivan,2023-05-02 18:21:51,星光  剧情有点意思，但悬疑感一般，有笑点有尬点。王千源真是神奇的存在，小岳岳怎么混进来的？,30,0
Veronica,2023-04-29 18:10:09,想杀人就拿枪对准正在开车的司机，自己就坐在车上？这片是麦兆辉导的，看来无间道就是巅峰了。,20,17
未林,2023-05-04 21:30:31,麦导是玩了一场剧本杀后写下的剧本吧，结局真就很剧本杀的套路啊[叹气]~身为检察官就要走警察的路，让警察无路可走~虽然故事线感情线全部稀碎，但香港导演不管什么题材都不忘落到抓内鬼上🥹,20,3
韩先生的电影,2023-05-03 02:00:54,5分，故事真的太单薄了。,20,4
晚不安,2023-04-30 01:05:27,命题作文感太强，但揭开面纱一看，原来不是检察风云，而是盗墓风云，放眼整个主旋律扫黑届，这个创意也是相当炸裂的存在。电影的调性非常诡异，虽然主角看上去是检察官，但叙事视点却是完全散乱的，在正邪两股势力中来回游移；法庭戏也被彻底剪散了，控辩双方的陈述丝毫没有力量，结尾对真相的揭示堪称儿戏，试图营造的悲剧性自然也不能成立。最要命的是全体演员的表演质感都差到极点，黄景瑜居然全程就用一个皱眉的表情蒙混过关。麦兆辉真的退化成一个连类型都处理不好的导演了。,10,21
WIKI魏,2023-04-29 13:46:36,地狱空荡荡，恶魔在人间，冲着真实案件去看的，冲着检察官视角去看的。白与黑、正与邪、攻与守、案中案、旧案与新案、加害与被害、和睦与鬼胎、沉默与发声、舆论失控，悬疑反转；一桩多年旧案被牵出，所有人被卷进凶案漩涡，熟悉的导演麦兆辉结构。白百合本色适合这样劲劲儿的律师，包贝尔“赵公子”狠人反派是不是演上瘾了。,40,46
张兮兮,2023-04-29 11:15:21,麦兆辉还是按港片的感觉来拍的，尤其王千源饰演的检察官在街头被跟踪那段，看得蛮揪心的，岳云鹏的图书管理员算是一个调和剂，缓解了电影紧张严肃的气氛，观众可以在中段被逗笑放松一下，观感上相对来说就会舒服很多。,40,75
May,2023-05-01 00:23:24,鲸鱼，娱乐圈服兵役，警察，检察官都齐全了，哈哈哈,40,20
Ber_雪碧,2023-04-29 09:25:28,能看出麦兆辉在文本上下了功夫，从校园贷开始，由扫黑到背后的盗墓再到反腐，顺藤摸瓜，层层递进，每个出场人物都有背后的故事，又能互相串联，虽然不难猜出背后的保护伞是谁，但过程还挺享受的，整体比以往此类电影可看性强太多。,40,63
听霜书生,2023-04-29 19:08:30,案件一环扣一环，悬念的设置和剧情推进都很有看头,40,27
乍暖,2023-04-29 09:32:29,电影改编自真实案件，首次以检察官视角展开如此错综复杂的故事，尺度比我预期大得多。从《窃听风云》到《检察风云》，导演麦兆辉驾驭起这类商业犯罪大片愈发成熟，影片节奏明快，叙事高效，交叉剪辑搭配上诡谲的音乐让观众始终悬着一颗心。六方人马的智力角逐非常精彩，全员演技在线，尤其是黄景瑜和白百何的法庭对峙戏，张力十足，随着双方激烈的交锋，谜底最终浮出水面。电影涉及的校园贷、媒体正义等元素具有现实关怀，有很好的科普作用，也让我深刻了解到检察官这个职业的意义。,40,56
Child1sh_Benny,2023-04-29 13:20:04,"认真的吗？。。。这是麦兆辉水准??
以为《检察风云》是五一档救赎，没想到是我“多虑”了。包贝尔本色出演吧，“女朋友太多，包文婧争风吃醋”，还有王千源跟黄景瑜的对话:“图书馆那小胖想你了”，“老张，没事儿就挂了”看看这格局，懂得都懂。整场看下来就包贝尔演得不错，因为根本没在演😂",20,14
桃子,2023-04-30 02:31:44,导演行活儿，情节基本靠对话推进。但说实话，主配角演员都挺认真的。星都给演员。P.S.包贝尔演技真得好（现在的发展路线是不是有点以前曾志伟那意思？）,10,12
慕帅帅,2023-04-29 11:52:12,和真实的检察工作基本上没什么关系，麦导的警匪港片模式与扫黑反腐任务强行结合，全片网大质感，如果玩过一次剧本杀，就能在前半个小时看穿案件的套路。小岳岳和田启文的强行插入，除了让人跳戏外没有任何作用，全员演技尴尬。,30,13
吉卜赛人,2023-04-29 14:47:48,我是真的第一次看到如此精彩的检察官视角的犯罪商业片，太过瘾了,40,28
束发行,2023-05-03 19:11:30,这剧本有点敷衍,30,1
Raven,2023-05-02 20:16:24,俩小时片，没节奏，砸储物箱那段儿我实在不能理解，还有那些反派行为，还有郝平演那个角色啊哈哈哈哈哈哈搁这儿搞笑呢，后面直接丢啦？,20,4
HarperDie,2023-04-29 18:22:29,零星。法制节目剧好看很多。,10,30
暴打鹅,2023-04-29 10:59:45,包贝尔就适合演这种无法无天的疯批，从赵公子到陈公子，如出一辙，让人狠得牙痒痒，又拿他没办法，最后玉石俱焚。可惜戏份太少，单把他这条涉黑的线拍下去也很过瘾的。,40,21
光影一路同行,2023-04-30 01:24:04,没在电影院这么煎熬过，麦庄单飞后是真的逊。走出香港语境，居然把一部群星阵容的公检法内宣片拍得如做噩梦一样。台词不说深意了，连个场面话都编不出，全靠打哈哈耍贫。叙事手法镜头设计像是出自一个业余人员，连电视剧也不及呀。画面质感和剧情节奏都丝毫无从谈起，一众好演员调节得像训练班表演。我真的好奇以前麦庄组合麦兆辉究竟负责什么？至于剧情降智bug，片子已经难看到无心理会这些了。最悲哀的是电影院坐满了人，大家都煎熬着又默默安慰自己坚持看完。真的是太逊了，下课吧麦兆辉！,10,25
铭记天音,2023-04-29 21:59:10,还是看点中央12台的普法栏目剧更靠谱。,10,20
居无间,2023-04-29 14:26:06,其实故事不算复杂，不过在麦兆辉的掌控下，香港团队还是将悬念做足了，当个悬疑片看足够。镜头语言在水准之上，保证了故事的紧张感和张力。对社会议题也有涉及，一步步扒开迷雾，揭露了财富权势背后的血腥真相，挺敢拍的。,40,34
月亮出來了,2023-04-29 19:35:12,平平,20,9
柯诺,2023-05-03 22:18:50,麦兆辉完全不会拍情感戏。这算是他和田启文进军内地赚主旋律💰的第一部，后面还有《大爆炸》。,10,3
马可new仔,2023-05-04 00:22:37,演员们很用力演了一个没啥悬念的故事,20,4
raingirl,2023-04-29 18:35:42,d结尾是亮点，过两天上映准备再去看一遍。,30,0
阿卜,2023-04-29 13:50:07,作为国内首部检察官视角的罪案公诉电影，片中案件全部根据真实案例改编，叙事手法也层层叠进，由一个案件深入调查串联出另外一个尘封已久的案件。麦兆辉执导更是带来全新视角，不单是精彩的群像戏，几位主要演员也带来精彩的演出，王千源在找到犯罪嫌疑人线索后的反追踪戏码也尤为精彩。,40,33
Eliane,2023-04-29 12:35:38,黄景瑜真的很适合穿制服，和王千源对手戏很精彩，亦师亦友的感觉,50,91
牙齿冒汗,2023-05-02 15:47:13,岳云鹏演电影就只是会让人尴尬。 还有几处很幼稚的地方：古董店老板和他的儿子；蹲在情侣前的张检察官； 法庭上全程不说话的夏教授；把警察的活都干了的李检察官。,10,9
月色归来时,2023-04-30 18:03:39,不到最后一刻都不能笃定自己的想法和猜测，值得冲。,40,14
冬瓜,2023-05-08 01:44:55,就算是主旋律，也有点逻辑好吧。,20,3
沈欺霜,2023-04-29 16:39:10,看到影片中检察官与律师的对峙，而且剧情也是持续高能输出,40,20
jxw611,2023-04-29 20:39:12,好于廉政风云，初期庭审戏拍的很不错，十分针锋相对。缺陷还是麦兆辉的局限性，气质上还是太港片了，比方说岳云鹏的电脑天才设定（直接机械降神），反派直接在闹市开车撞检察官诸如此类的。,30,7
沉默的大多数,2023-04-29 10:15:53,影片主基线紧张刺激，但是在紧张中也加入了一些笑点作为增味剂，最典型就是岳云鹏的几次出场都让全场爆笑。,50,132
姝尹Y(^_^)Y,2023-05-04 15:46:35,其實4月底就看了首映，但評分這兩天才放出來，所以補標一下。怎麼說呢？看之前本來對麥兆輝導演的期待還蠻高的，結果看完後只剩下了失望。雖然影片故事是根據真實案件改編，而是還是比較獨特的盜墓題材，但是從完成度來說並不及格，尤其是主角人設根本立不起來。檢察官和警察的職責區含混不清，沒有在劇本層面進行精細打磨。,20,1
朱,2023-04-29 08:26:42,超级烂,10,20
𝓡𝓸𝓸𝓴𝓲𝓮📌,2023-04-29 21:30:42,【剧透】算是超出预期，和［毒舌律师］差不多水准，但存在几个问题。1是整体抽丝剥茧偏严肃悬疑，但加入爱情线和喜剧元素，混合得不够好。2是挖出市长boss后，调查过程可进一步铺开，以增加影片深度。,20,4
.,2023-05-02 09:46:45,黄景瑜不会演戏。,10,5
Bryan·Mai,2023-05-01 22:59:11,感觉看了部TVB电视剧总集篇，字幕字体像word文档的默认设置，配乐和画面走不到一起，视听设计、电影语言几乎没有。台词感觉是粤语放到翻译软件里面转录出来，完全不是大陆人日常口语化表达的feel。或者这么说吧，白百何＝陈法拉、黄景瑜＝张继聪、王千源＝古天乐、冯绍峰＝林家栋、王丽坤＝林嘉欣，把台词换成你记忆里港剧的样子，或许突然间就毫无违和感了（笑）。,20,2
Sincerely.,2023-05-01 11:58:16,"香港导演拍国产扫黑反腐题材的电影都是演员阵容空前强大剧情不是有漏洞就是在翻PPT这部也不例外
1.开篇看看这些主演和导演的报幕毫无渲染的白色字体延期一年了不修改一下？（参考内地版反贪5）2.冯绍峰的眼神一就已经知道这部的反派是谁了... 还有包贝尔那个猥琐的笑声和于荣光在厕所里的突然出现3.黄景瑜与白百何这个看似很专业实则很nt的表白戏...真的是尬到底了4.王千源 这个角色在黄景瑜被停职之前有什么用 为啥要黄景瑜给他叫师傅？？除了话多5.冯绍峰为啥就在王丽坤的面前自杀了6.题材看似是讲检查官的 “第一部国产以检察官为题材的作品” 剧情讲的是以打伞破网为主线的抓盗墓贼的故事？还用一个女生被侵犯然后自杀的案件引出 很尬真的很尬..7.最后想吐槽岳云鹏 就不多说了懂的都懂
很难给这部电影打高分",10,5
毛毛塞,2023-04-29 20:36:05,黄景瑜帅死我,50,18
吃菜不吃呱,2023-04-29 14:44:21,挺喜欢包贝尔演得坏蛋 除此之外 没有了,20,9
66号公路灰狗,2023-04-29 09:20:39,以案件庭审为主线，通过检察官提交的一个个证据还原了案件的全貌，整个过程好像我在参加庭审一样，代入感非常强，全程无尿点！而且案件一环扣一环，从qj案到s人案到盗墓案，案中案层层反转，每次我都以为猜中了故事走向，没想到导演预判了我的预判。,40,48
开过心的开心,2023-04-30 14:20:18,王丽坤这贱人的还能播？,-t,3
艾米莉,2023-05-06 12:22:05,请个合格的编剧这么难么,20,5
第七大陸,2023-04-29 10:59:52,弱四，故事本身的类型完成度还是很高的，不是所谓的纸片主旋律，起码麦氏是故事保障了，一整个案件套装还是对得起“风云”二字的，尺度其实不小，在半明半晦之间，黑白色搅浑，谁做冲破黑暗的人？,40,27
stream,2023-04-29 12:53:26,陈鑫被抓住的时候挑衅受害者，恨得我真的是太生气了,40,54
羽生结衣,2023-04-29 18:38:12,黄景瑜的演技还挺不错的，超出了我的预期。,40,18
丶墨瓜,2023-04-29 09:48:48,好久没见白姐了，演技越来越纯熟，看起来特别舒服，律师角色也很适合她，聪明睿智，与黄景瑜的对手戏依稀找回当年演小妞电影的俏皮感。,40,31
Word,2023-04-30 22:23:54,这是国内首部以检察官为视角演绎的犯罪影片，控辩双方围绕着一起大学教授故意杀人案展开，电影很有感觉,40,12
段郎RockDuan,2023-04-29 09:26:32,麦兆辉有一处细节还蛮不错的，回顾盗墓三人组过去的时候，虽然演员换了，但配音还是冯绍峰、包贝尔、苏可的声音，观众还是能带入到角色里，也让人物性格更加鲜明。,40,35
华盛顿樱桃树,2023-05-02 23:36:51,根据真实事件改编？那为啥看起来这么假？城市架空，故事根基就没了。故事果然是魔幻般的东飘西荡，连叙事都整不明白就真的是浪费时间。演员们全体灾难，包先生那过火的表演以及黄先生完全不像这个角色，白姐点点戏份有十场吗？,10,7
arrcmis,2023-04-29 09:58:37,官商勾结？杀人案？强奸案？本推理爱好者的心思疯狂骚动啊！尤其是有王千源这样的演技派坐镇，这表演绝对稳！没想到的是包贝尔和冯绍峰饰演的反派让人眼前一亮，各有特色，难得演的不错！看到最后才发现还有盗墓大案，这环环相扣的情节，真的绝了！,40,27
行动怎么那么难,2023-04-29 21:13:53,"通过庭审将整个故事分割成几部分，再每部分进行倒序，展现检察官和警方寻找证据的经过，还原真相，很新颖，逻辑在线。
检察官寻找真相，勇于和黑恶势力作斗争，不畏强权，让我印象深刻。坚守正义不是伟光正的口号，而是一种选择，这背后可能会失去生命。虽然影片没有着重刻画检察官的选择，但不做选择更能说明其坚定。
张有成检察官和罪犯的追躲看得很过瘾。
各位演员演技都很优秀，不掉线。
哈哈哈要感叹一下黄景瑜好帅，宽肩窄腰。和王千源老师饰演的检察官的每次出现都是享受，两位硬汉，身材很好[哈哈][哈哈][哈哈]制服控的福利。
个人觉得，搞笑部分可以提速，拉高欢快节奏；最后提张有成检察官搜寻的证据时，也可以再拔高一下。
有人觉得情感线多余，但我觉得刚刚好。
最后，是值得二刷再回味一下的电影",50,12
常青,2023-04-29 10:02:03,黄景瑜不愧是我的体制内男友，谁不爱看他在内娱服兵役啊！这次饰演检察官，一出场就一身正气，真的太帅了！和白百何演的律师在法庭上唇枪舌战，简直不要太精彩！万万没想到黄景瑜和白百何竟然有一些爱情线，黄景瑜直球告白给我笑发财了，还有点子好嗑是怎么回事！,40,29
𝓡𝓸𝓸𝓴𝓲𝓮📌,2023-04-29 21:30:42,【剧透】算是超出预期，和［毒舌律师］差不多水准，但存在几个问题。1是整体抽丝剥茧偏严肃悬疑，但加入爱情线和喜剧元素，混合得不够好。2是挖出市长boss后，调查过程可进一步铺开，以增加影片深度。,20,4
西南季风,2023-04-29 19:58:59,自己脸盲确实严重了，王丽坤和白百何在影片里有时会分不清,40,1
为了忘却的纪念,2023-05-01 13:46:32,剧情？人物？表演？对白？要啥没啥。麦导你被绑架了吗？不如去看《守护解放西4番外》,10,7
Bryan·Mai,2023-05-01 22:59:11,感觉看了部TVB电视剧总集篇，字幕字体像word文档的默认设置，配乐和画面走不到一起，视听设计、电影语言几乎没有。台词感觉是粤语放到翻译软件里面转录出来，完全不是大陆人日常口语化表达的feel。或者这么说吧，白百何＝陈法拉、黄景瑜＝张继聪、王千源＝古天乐、冯绍峰＝林家栋、王丽坤＝林嘉欣，把台词换成你记忆里港剧的样子，或许突然间就毫无违和感了（笑）。,20,2
AL Rorschach,2023-04-29 16:08:48,真相原来就是越挖越多的，情节设定也非常的精彩，值得反复推敲。,40,11
鱼罐头,2023-04-30 00:07:31,黄景瑜能不能牢牢的把制服焊在身上，看得我都想去考公当检察官了。,40,8
jxw611,2023-04-29 20:39:12,好于廉政风云，初期庭审戏拍的很不错，十分针锋相对。缺陷还是麦兆辉的局限性，气质上还是太港片了，比方说岳云鹏的电脑天才设定（直接机械降神），反派直接在闹市开车撞检察官诸如此类的。,30,7
Daisy,2023-04-30 17:18:57,人性是有黑暗一面的，你把黑暗的一面展现他人，反之会有更黑暗的人性展现于你,40,4
ZOE1412,2023-04-29 13:35:26,透过影片让我们了解了现实中检察机关工作的缩影，呜呜~检察官们真的是好样的,50,8
芦苇花,2023-04-29 00:30:22,悬疑向电影，幽默和爱情戏份也做的不错，有一张票买到三部片的感觉，整体性和完成度四星。选择障碍的话这部男女咸宜，不出错。黄景瑜演技有进步。,40,45
Leon·Yang,2023-04-30 22:23:29,电影从检察官的视角向大众显现了罪案的公诉过程，以新颖的视角，让人们了解了案件,40,10
吃菜不吃呱,2023-04-29 14:44:21,挺喜欢包贝尔演得坏蛋 除此之外 没有了,20,9
小楼一夜听春雨,2023-04-30 18:53:10,很喜欢黄景瑜，白百何，王丽坤在里面的表演，电影剧情悬疑节奏扣人心弦，检察官的正义表现的淋漓尽致,40,3
开过心的开心,2023-04-30 14:20:18,王丽坤这贱人的还能播？,-t,3
艾米莉,2023-05-06 12:22:05,请个合格的编剧这么难么,20,5
杜小德,2023-04-29 12:08:50,看《检查风云》，无论是在荧幕中还是现场互动，黄景瑜的声线就从来没有高起来过，一直处于一种……十分低沉的调上，也是很神奇了，剧情悬疑感设置的还不错，看着很带感。就是检察官的身手看着甚至比刑警都厉害，也是有些厉害的离谱,40,14
胡桃树,2023-04-29 12:15:30,电影在处理案中案中还牵扯出了盗墓元素，不仅丰富了情节，增加了人物的复杂性，也令电影看点十足。,40,11
井戒,2023-04-30 16:48:03,人生第一个小目标完成。其他的，尽人事，听天命。,-t,0
陈春先,2023-04-30 21:36:25,最近标记的两星电影有点多了。我怀疑这是一部AI生成的电影。,20,4
阿西,2023-04-29 12:16:48,或许这部电影想告诉我们的是，正义永远不会迟到，而罪恶永远会被消除吧,40,7
摩羯座的猫,2023-05-07 21:51:56,形式大过于故事,10,1
困在坚果壳里,2023-04-29 16:57:48,在破解案件和法院审理的整个过程中，也是给我们展现了一场很精彩的表演,40,0
woshihta,2023-04-30 17:54:58,一直在关注剧情的本身，没有花里胡哨的其他镜头，就是走剧情,40,1
突然粉碎,2023-04-29 15:34:52,无力吐槽，坏人要么太外露要么藏得深，想发一些骨科疯的可以看看，热带🐠都演了检察官cp粉有福了,20,5
2666,2023-04-29 11:37:05,之前看警匪片比较多，一直不太理解检察官和警察的区别，看完电影就完全明白了！黄景瑜演的检察官和白百何演的律师在开庭的时候针锋相对，剑拔弩张真的好刺激，跟着都紧张起来了！但不知道是因为题材原因还是时长受限，感觉冯绍峰这个角色的结局有些仓促了！不过整体还是非常值得进电影院一看的！,40,10
mayu2862,2023-04-30 23:11:50,这么说吧，影片从剧情的走向、到氛围的拿捏都是近年来数一数二的呈现啊。,50,6
哆啦,2023-04-29 14:52:08,赵公子这回不买单了，直接成夜总会老板了，又是一个疯批角色,40,3
Roger颜,2023-04-30 12:12:18,校园贷引发的社会痛点，每个人的能体会到其中的真实感,40,2
小寒,2023-04-29 14:19:34,影像还原和再一次创作之后，展现是真的更让人觉得惊心动魄,40,2
白色条纹,2023-05-02 17:15:09,毫无质感。,20,2
璐尔北,2023-04-29 19:03:23,能够看到非常明显的港片制作风格，也能感受到相比前几年的水土不服，当下香港团队与内地演员的更好磨合。不过可能由于题材的限制，总感觉剧情发挥远远不够，节奏也相对缓慢，尤其是王千源慢悠悠的酱油式表演挺出戏。,30,2
毒舌影评,2023-05-03 23:33:16,犯罪案情完全不吸引人，压根没什么精彩的悬念设计，节奏感也十分松弛和拖沓，整部影片的剧情仿佛就是硬凑出来的，还有各种尴尬的情感戏，简直让人看得从头无聊到尾啊！,10,3
Ruby,2023-05-01 12:05:47,网大没有必要上电影院,10,12
NGMINGKWAN,2023-04-29 16:21:31,黄景瑜和王千源搭配起来化学反应还是有的。,30,4
随风,2023-05-01 12:22:15,网片,10,5
再也不嗑了,2023-04-29 16:40:02,看到法庭对峙的时候真的一下子气氛就出来了，好好看,40,2
1900,2023-04-29 16:52:12,听说是根据真实故事改编的，难怪在观影的过程中这么的有代入感，太精彩了。,40,2
我回来啦,2023-04-29 09:55:57,两分是给黄景瑜的，他就很适合这种类型的角色，不过他演隔壁王一博那个电影会更好，那个题材挺好，被王一博演烂了很可惜,20,9
多看电影爱电影,2023-04-30 21:28:05,很好看，麦兆辉导演保持了一贯港片的水准风格！,50,2
铁公鸡动画,2023-05-09 14:17:20,从电影而言是一部类型化的电影，从真实而言，臆想大于真实,30,0
卡夫卡的小屋,2023-04-29 21:06:27,全程大气都不敢喘，电影的精彩程度真的不用多说。,40,4
午眠羊,2023-04-30 14:23:22,剧情好看，好评推荐,40,1
Banana,2023-04-29 12:22:28,不知道是不是我预期定的太低了，看完竟然感觉故事意外还可以，剧情细节基本都有也都合理，黄景瑜和王千源两个人搭戏是有化学反应的，还不错。另外电影港风很重，不论是镜头还是声光，都很港风,30,0
小军师,2023-04-30 12:38:09,叙事很完整严谨，没有卖弄玄虚，故意恐怖化镜头，节奏也张弛有度,40,1
GAKI,2023-04-29 16:23:29,一言难尽，如坐针毡，电影院里睡觉的，打游戏的，刷手机的比比皆是。用港片的风格套用大陆的演员，怎么看怎么别扭。,20,6
洪山热巴️☾˚‧º·,2023-04-29 16:42:04,电影开场以及前期的节奏非常快，完全不会拖沓，属于直接“开门见山”,40,3
豆瓣天后董小姐,2023-04-29 09:19:31,从女教授对恶行累累的奸商的控诉开始，从一起强奸案，引出故意杀人案和另一起埋藏数十年的旧案。其中又穿插着人物之间的感情连接。电影从检察官的视角出发，黄景瑜饰演的检察官和白百何饰演的辩护律师在法庭上激烈交锋，王丽坤饰演的嫌疑人却在庭审过程中始终保持沉默，跟随镜头从细节处抽丝剥茧，还原真相。王千源和包贝尔在片中成为了搞笑担当，恰如其分的幽默氛围缓解了悬疑电影带来的紧张感，极大的舒缓观众的情绪。,40,19
时光Serene,2023-04-29 09:16:50,片中一个似扫地僧般的天才人物说他想成为和我一样的工作，但说实话，我还挺想成为片中的李睿和童雨辰的。作为中国第一部新时代检察官视角罪案公诉电影，主人公们纠察根据2020年~202年被盗的帝后级哀册等珍贵文物被盗的真实案例改编的大案，在正邪对峙中毫不退让，以血肉之躯筑长城，践行理想信念，只为一个真相。我还很羡慕他们有那么多真挚的同伴，一起拨云见日，伸张正义。,40,14
八阵怜,2023-04-30 21:46:29,法庭上的针锋相对，让庭辩愈发紧张刺激；逐渐浮现的犯罪证据，也使案情环环相扣，更加扑朔迷离…,40,1
我喜欢啊,2023-05-01 13:27:11,今年五一档烂片集齐了,10,5
返三,2023-04-29 16:35:21,演员熟人局。黄哥在公检法的角色，永远在酒吧卧底装醉，永远被栽赃陷害停职。,30,0
飞天小蜥蜴,2023-04-29 22:40:24,刚开始还以为陈鑫就是最大的反派，没想到还有神秘的第3人和终极大boss,40,2
vickey,2023-04-30 22:50:02,有点尴尬，以为会是烧脑的悬疑片，没想到破案如此顺利，保护伞一点阻力都没有。,30,0
北茴,2023-04-29 16:16:45,-果然优秀的人都上交给国家了，黄景瑜也太帅了吧。,40,5
徐青杳,2023-04-29 19:36:53,黄景瑜这次的角色确实拿捏得还挺棒的，尤其是眼神部分,40,0
盲盲黑夜漫游,2023-04-29 19:00:52,第一次看到视觉这么清晰的探案题材。,40,3
正义B胜,2023-04-29 23:53:25,故事太简单了，而且到底要表达啥呢？,10,2
VioletRhythm,2023-04-29 09:48:56,单说案情梳理得还算清晰，面面俱到，剧情比较抓心，黄景瑜和白百何两个人也演出了公诉人和辩护人双方的立场，相爱相杀的这一对还挺有化学反应的。,40,17
Poppy,2023-04-29 16:15:34,剧本单薄有点虎头蛇尾高举轻落，景瑜台词有进步一星鼓励❤,40,3
小艮,2023-04-29 09:22:11,有些出乎意料，本来以为是扫黑性质的片子，没想到其中还融入了校园贷、网络舆论等当下热点议题，甚至还有盗墓等案中案，细节线索不断，还有意料之外的反转，真的烧脑又上头！黄景瑜、白百何的爱情线只是点缀，女强男弱的CP感也有，倒是让王千源这个前辈当电灯泡莫名好笑。,40,20
默默(暴富版),2023-04-29 22:16:10,居然是以检察官的视角来讲述故事，确实很新鲜。,40,4
黑白森林,2023-04-30 09:38:53,一直都知道背后的boss不简单，但是没想到居然会迎来这样的高能反转。,40,2
徐乐乐爱旅行,2023-04-29 16:18:57,无间道的导演，之前就对这部作品充满了期待了，确实不错。,50,7
逸动控股,2023-04-29 19:27:44,我超级喜欢的导演，这次的拍摄角度很棒。,50,5
叶赫那拉,2023-04-30 22:24:18,为什么豆瓣强制打一星,10,2
畏惧古神之血,2023-05-01 00:26:23,女性角色很生动，不仅只是被展示痛苦的受害者，或者是作为“蛇蝎妖女”的嫌疑人,40,2
不许没未来,2023-05-01 12:59:14,包贝尔真的很会演坏人，他这个角色太出彩了！,40,2
夜空中的缪斯,2023-05-01 00:17:03,"很正常的悬疑片
风格很像中国机长，烈火英雄，断桥",30,0
禁止犯蠢小螂君,2023-04-29 18:31:08,不太可。剧情很莫名其妙，怎么的就扯上盗墓了，真的很扯，看的时候满脸问号。主要是很小成本的感觉，每个转场都很生硬，明星杂汇在一起的感觉，男女主没有cp感，所有的悬念也很无聊让人没有兴趣。,20,6
╰堇花°凋零时ޓ°,2023-05-01 15:55:30,最近迷上了检察官，就来看看这部电影。预告片还行，内容嘛。呵呵……。岳云鹏这个角色来干嘛的？天才？演的二傻子是吧？说一下这个结构。乱七八糟。倒叙也好。插叙也好，哪怕你像记忆碎片倒着拼接。都没问题。但这倒叙给你整得没有一点逻辑。在法庭上，检察官与律师针锋相对。然后检察官开始讲整个故事的来龙去脉，就是倒叙。我不明白了。在座的各位没了解案情？需要你在这儿罗里吧嗦？各种人物塑造支离破碎。台词之无力。被害人自杀了。检察官一点事都没有。没有张力，没有紧张的氛围，没有情绪情感的拓展。后面弟弟莫名其妙杀哥哥。莫名其妙自杀，完全没搞懂什么心理，铺垫不够乱来？胡少峰在那儿歇斯底里发疯真莫名其妙的，没铺垫啊。你什么心理变化我知道啊？检察官助手事务官呢？最好笑的是女主砸鱼缸玻璃发现盗墓证据，真是巧合他妈给巧合开门,10,9
顾俏乜,2023-04-29 10:31:51,各位演员演技在线，对于角色的分寸感也是拿捏的刚刚好，哪怕是戏份很少的客串演员，比如冯绍峰和小岳岳。,40,11
沈唐,2023-04-29 23:16:00,白百何多演点儿戏吧。,40,3
沧海一小生,2023-04-30 20:35:23,非常好看，剧情张弛有度、丝丝入扣，演员们的表演惊喜连连、对手戏也是着实吸引人！,50,6
多冰美式,2023-04-29 17:27:01,听说是真人案件改变之后，瞬间都有点毛骨悚然了。,40,4
买鱼回来的糖,2023-04-29 17:03:31,喜欢这样清晰的案件表达，思路非常的清晰。,40,2
我不吃豆瓣酱,2023-04-29 15:09:50,华表百花影后可不是白拿的，白百何的演技真不是盖的，好看,40,3
肆捕像,2023-04-30 22:57:09,扫黑除恶，终于让贪婪的人付出了应有代价，正义永存，真相永远不会被掩盖,40,3
shun,2023-05-02 17:07:06,有点简单有点尴尬，以上,30,0
国士无双,2023-04-29 09:41:57,夸一下影片的配乐，在剧情的发展过程中，几次紧张的节奏再加上音乐的渲染更加的衬托了剧情的紧张感。,40,16
mancy珉,2023-04-29 23:18:13,看片名以为是什么扫黑除恶的电影，结果是因为一场盗墓引发的血案？？？黄景瑜白百何的感情戏可有可无，推动案件关键的岳云鹏客串也跟着部片子画风不符。更好笑的是，我们这场本来是明星映后见面会，结果被取消了！被取消了也就算了！一个电话都没有！,20,3
罗里吧嗦,2023-04-30 14:18:25,剪辑风格挺特别的，尤其前半部分，从法庭戏与案情的交叉剪辑配以风格诡谲的音乐，一路追逐攀咬到真相的最终揭露，配着bgm超级紧张,50,4
你猜我是谁,2023-04-29 17:07:00,我觉得电影题材挺让人共情的，通过校园贷还有近年来比较敏感的女性犯罪题材来切入，让人看的很过瘾,40,5
云之东,2023-04-30 17:01:16,"完美放大了导演麦兆辉上部作品《廉政风云》的所有缺点，我真是奇怪麦兆辉与庄文强合作的电影作品里他的名字都排在庄文强前面，但是当两个人解体时，庄文强的作品质量比麦兆辉就好像王家卫比王晶。

黄景瑜作偶像剧男主可以，作电影男主真是压不住戏啊，有一种衬托出每一位与他有对手戏的演员的演技都还不错的超能力。白百何的戏份连友情主演都谈不上，只能说友情客串。",10,13
scaryzion,2023-04-29 19:33:30,很合格了，前面100分钟,40,3
有志向的三流,2023-05-04 20:38:11,能说什么呢？大陆悬疑律政片接近于毫无希望。,10,2
东东,2023-05-02 01:22:03,大材小用了，兼顾得太多，两头都没排好，法庭戏份中夹杂着司法行政过程，又在司法行政过程中加入黄景瑜和白百合的爱情戏份。还好这是麦兆辉导演的电影，这要是换一个导演大概率就成烂片了。故事围绕哀册展开，考古学教授与二十年前的盗墓贼搭建纠葛，解开二十年前的过失杀人与盗墓行为。一步步解开真相，解开隐藏了二十多年的秘密。包贝尔的演技真的太加分了，另一位演员岳云鹏的戏份或多或少有点多余了。,40,3
被和谐惹,2023-04-29 09:47:41,剧情还是蛮紧凑的，不会让人坐立难安。黄景瑜的检察官是典型的理想型，一身正气，李睿很适合他来演，给人感觉睿智沉稳，有安全感，穿上制服整个人的气质都不一样了。,40,18
李玄,2023-04-29 18:46:49,盲猜5.5-5.7分，开分再改,10,4
温岭阿浪,2023-04-29 12:21:02,"电影的名字是真的很无聊，不过实际看过还算不错。本片的一大亮点在于紧凑。片中涉及支线及人物较多，但都处理的井井有条，且叙事连贯，每当出现剧情转折时，叙事都较为快捷而不拖沓。
此外，一些生活片段也都处理得不错，如黄景瑜和白百何台上针锋相对，台下又恩爱有加，告白时运用的专业术语也显得有几分可爱。
本片涉及到扫黑除恶、高利贷、性侵、辩论、悬疑、考古等多个母题，却又有条不紊。算是将主旋律与商业片的观赏性结合得相当巧妙了。",40,11
方圆几里都是你,2023-04-30 20:32:17,这本跟开玩笑似的 然后能看出来跟导演的《听风者》一个风格,30,0
麦童,2023-05-10 02:23:17,以前这种电影是用来洗钱，现在这种电影是花钱拍来做什么，操观众？,10,2
反感南朝鲜,2023-05-02 18:37:44,黑白合还有恶心人多久？为什么国内对劣迹艺人包容度这么高？为什么一个人渣还能继续偶像之路？恶臭,10,3
石头星,2023-04-29 23:20:58,20230429 演员们功力都不错，正派反派每个角色都很有自己的特点和风格。黄景瑜穿制服确实合适，身板笔直。影片从检察官调查角度还原了案中案的真相，很完整地讲了一个故事，逻辑通顺，还带着一点风趣。,50,8
最美人间富贵花,2023-05-01 09:56:31,一进电影院很快沉浸到情节之中，真相在迷雾重重中逐渐浮出水面，特别抓马,40,8
自然醒Rita,2023-05-05 15:30:35,扫黑和盗墓，太杂糅了…,30,0
尧,2023-05-02 18:12:01,弱智一般的剧情 连我旁边座的老太太都看出剧情走向了 真是够了,20,5
万乐,2023-04-30 15:14:51,受题材所限放低期待，结果意外地不错，虽然全片烈度不足也有严重的后期配音嘴型不同步问题，可别情节也有待推敲之处，但麦兆辉导演运用娴熟的插叙倒叙的讲故事技法，扎实多重反转的案中案案外案的剧本设置，节奏流畅视听语言丰富的电影语言成功演绎了一出律师检察官针锋相对，只为探寻真相的类港片风格的动人犯罪刑侦故事，冯绍峰与王丽坤的角色令人惊喜，值得推荐。,40,4
mmmmmmmi,2023-04-30 01:51:38,看完感觉有点奇怪，前面很多梗突然就没有下文了。比如女学生死了，她父母怎么办？u盘掉到下水道没有人发现，一看现场就暴力开保险柜，还真找到了文件？文件能做证据吗？不容易被修改编写伪造吗？犯人为什么在老婆面前自杀，情绪转折也非常奇怪。陈鑫的背后应该牵扯了很多大案要案，最后却只有盗墓案得到了侦破？,30,1
胡闹天后,2023-05-01 18:43:26,啊这…前面还行啊…后面那就…,30,0
大疯大的风,2023-04-30 14:09:42,影射了现实，恶势力的可怕之处，有时候是远远超乎想象的,50,3
林小路,2023-05-02 17:15:50,少一星是因为整部电影的源头都是围绕陆教授和夏薇是否有染而展开的，但直到结束也没有揭晓答案。,40,0
Giroro,2023-05-06 11:13:21,比较新颖吧，毕竟是平时不太了解的检察官的工作日常，情节也是一环扣一环的，麦导的作品还是值得一看的，黄景瑜的演技这几年是有了很大提升的，白百合还是一如既往的稳，这个票价还是值得一看,50,0
fw郑景仁,2023-05-01 12:31:42,"麦兆辉来内地学怎么拍电视剧，其实学的比林德禄好。奇怪的剧情，奇怪的节奏，我已经搞不明白他们到底在拍“扫黑”还是拍“反盗墓”，有趣的是，你还会莫名磕到黄景瑜和小岳岳的cp，如果你看到最后，你还会看到一个无比cult且WTF的结局，大反派…他居然自杀了……？？？
凭私心给王千源多加一星，演的实在太好了，生动自然还不喧宾夺主，这样的好演员现在太难找了",30,2
觉渺,2023-04-30 20:46:11,这剧情贼随意,20,2
青橘,2023-04-30 14:38:44,检察官的角色是有真实原型的，为了真相如此接近危险，敬仰,40,4
So,2023-04-29 17:00:13,这个五一小长假看什么，绝对是看黄景瑜和白百何联手和黑暗对决。,40,1
木头木头,2023-04-29 17:52:16,没有期待，前半还行，案中案还是引起了我的兴趣，但是从老张被撞开始逻辑一泻千里。,20,4
ill_wind,2023-04-29 17:14:49,这部电影应该算得上是五一小长假的必看了吧。,50,5
Estelle_奕,2023-05-02 17:42:38,谈不谈男女朋友扣一分。,30,0
老芸子,2023-05-06 17:24:36,剧本不行……白瞎了黄景瑜,30,0
乱心清,2023-04-29 23:58:37,"风云系列持续走低，相比前作更要糟糕，老麦搞的什么玩意儿。
开场就已让人皱眉难忍，到白姑娘真正出场时候总算止了颓势，时间线打乱也算增了色彩，然后剧情叙事又各种发烂渣狂乱插刀——这到底是个庭审题材破案故事猎奇故事还是爱情故事？是爱情故事吧。姑娘说，毁灭吧，我累了。
得意的是王千源包贝尔几同类角色再聚——你们应该打一架啊，王硬汉被撞，包嚣张被砸，这多不带感，你们打一打我看个热闹，兴许观感更好呢，不像现在我得回想着白姑娘艰难打分。",20,1
vivian桃乐丝,2023-04-29 19:37:00,最近看到最喜欢的扫黑题材的电影了。,40,1
智盎,2023-04-29 19:07:47,真的好喜欢王丽坤呀，长得太漂亮了，关键是还有演技。,40,4
Kipling,2023-04-30 20:57:32,家人们都给我去看检察风云，给我狠狠地感受一下演技派的压迫感，是正邪之战,40,4
bethany由鱼,2023-05-02 12:26:46,太草率了这个电影。后悔看过的水平。,20,2
暮若曦,2023-04-29 17:13:44,无论是主角还是配角都有高光时刻，我觉得很牛。,40,1
