日期,最高温度,最低温度,天气,风向
2018-01-01 周一,21°,13°,多云,无持续风向微风
2018-01-02 周二,21°,13°,多云,无持续风向微风
2018-01-03 周三,23°,15°,多云~阴,无持续风向微风
2018-01-04 周四,21°,14°,阴~小雨,无持续风向微风
2018-01-05 周五,18°,13°,阴~小雨,无持续风向微风
2018-01-06 周六,15°,13°,小雨~大雨,无持续风向微风
2018-01-07 周日,15°,7°,中到大雨~中雨,无持续风向微风
2018-01-08 周一,12°,6°,中到大雨~小雨,无持续风向4-5级
2018-01-09 周二,7°,5°,小到中雨~多云,无持续风向微风
2018-01-10 周三,13°,6°,多云,无持续风向微风
2018-01-11 周四,14°,6°,多云,无持续风向微风
2018-01-12 周五,15°,7°,晴,无持续风向微风
2018-01-13 周六,19°,8°,多云,无持续风向微风
2018-01-14 周日,19°,8°,多云,无持续风向微风
2018-01-15 周一,20°,10°,多云,无持续风向微风
2018-01-16 周二,22°,12°,多云,无持续风向微风
2018-01-17 周三,24°,12°,多云,无持续风向微风
2018-01-18 周四,24°,13°,多云~小雨,无持续风向微风
2018-01-19 周五,20°,16°,阴,无持续风向微风
2018-01-20 周六,23°,15°,阴,无持续风向微风
2018-01-21 周日,23°,16°,多云,无持续风向微风
2018-01-22 周一,23°,15°,阴,无持续风向微风
2018-01-23 周二,24°,14°,多云,无持续风向微风
2018-01-24 周三,22°,15°,多云,无持续风向微风
2018-01-25 周四,22°,12°,多云~阴,无持续风向微风
2018-01-26 周五,18°,10°,阴~多云,无持续风向微风
2018-01-27 周六,15°,8°,阴,无持续风向微风
2018-01-28 周日,11°,5°,小雨,北风4-5级
2018-01-29 周一,8°,6°,小雨,无持续风向微风
2018-01-30 周二,8°,5°,小雨,无持续风向微风
2018-01-31 周三,7°,4°,阵雨~多云,北风3-4级
2018-02-01 周四,13°,4°,晴,无持续风向微风
2018-02-02 周五,12°,5°,多云,北风3-4级
2018-02-03 周六,13°,4°,多云,北风3-4级
2018-02-04 周日,14°,4°,多云,北风4-5级
2018-02-05 周一,12°,3°,多云,北风3-4级
2018-02-06 周二,14°,4°,多云,无持续风向微风
2018-02-07 周三,15°,8°,多云,无持续风向微风
2018-02-08 周四,17°,9°,多云,无持续风向微风
2018-02-09 周五,19°,10°,多云,无持续风向微风
2018-02-10 周六,21°,9°,阴,无持续风向微风
2018-02-11 周日,16°,9°,阴~多云,无持续风向微风
2018-02-12 周一,17°,7°,多云,无持续风向微风
2018-02-13 周二,20°,9°,多云,无持续风向微风
2018-02-14 周三,22°,11°,多云,无持续风向微风
2018-02-15 周四,24°,15°,多云,无持续风向微风
2018-02-16 周五,26°,15°,多云,无持续风向微风
2018-02-17 周六,26°,15°,多云,无持续风向微风
2018-02-18 周日,23°,16°,多云,无持续风向微风
2018-02-19 周一,24°,17°,阴,无持续风向微风
2018-02-20 周二,27°,13°,阴,无持续风向微风
2018-02-21 周三,20°,10°,阴~小雨,无持续风向微风
2018-02-22 周四,12°,10°,小雨,无持续风向微风
2018-02-23 周五,18°,15°,阴~阵雨,无持续风向微风
2018-02-24 周六,20°,15°,阴~阵雨,无持续风向微风
2018-02-25 周日,18°,12°,小雨~阴,无持续风向微风
2018-02-26 周一,21°,14°,多云,无持续风向微风
2018-02-27 周二,25°,17°,多云,无持续风向微风
2018-02-28 周三,26°,18°,多云,无持续风向微风
2018-03-01 周四,28°,18°,多云~阴,南风3-4级
2018-03-02 周五,26°,20°,多云,无持续风向微风
2018-03-03 周六,27°,20°,多云,无持续风向微风
2018-03-04 周日,26°,20°,小雨~雷阵雨,南风3-4级
2018-03-05 周一,27°,17°,雷阵雨,无持续风向微风
2018-03-06 周二,25°,17°,阴,无持续风向微风
2018-03-07 周三,24°,11°,雷阵雨~中雨,无持续风向微风
2018-03-08 周四,14°,8°,雷阵雨~多云,北风4-5级
2018-03-09 周五,19°,8°,晴,无持续风向微风
2018-03-10 周六,21°,9°,晴,无持续风向微风
2018-03-11 周日,23°,13°,多云,无持续风向微风
2018-03-12 周一,25°,16°,多云,无持续风向微风
2018-03-13 周二,25°,16°,多云~小雨,无持续风向微风
2018-03-14 周三,23°,17°,雷阵雨,无持续风向微风
2018-03-15 周四,24°,17°,雷阵雨,无持续风向微风
2018-03-16 周五,26°,18°,多云~阴,无持续风向微风
2018-03-17 周六,26°,18°,阴,无持续风向微风
2018-03-18 周日,27°,20°,多云,南风4-5级
2018-03-19 周一,24°,14°,雷阵雨~中到大雨,无持续风向微风
2018-03-20 周二,21°,10°,多云,北风4-5级
2018-03-21 周三,21°,11°,多云,无持续风向微风
2018-03-22 周四,22°,12°,晴~多云,无持续风向微风
2018-03-23 周五,26°,14°,多云,无持续风向微风
2018-03-24 周六,25°,16°,多云,无持续风向微风
2018-03-25 周日,25°,16°,阵雨~小雨,无持续风向微风
2018-03-26 周一,26°,18°,多云,无持续风向微风
2018-03-27 周二,26°,17°,多云,无持续风向微风
2018-03-28 周三,28°,17°,多云,无持续风向微风
2018-03-29 周四,27°,18°,多云,无持续风向微风
2018-03-30 周五,26°,19°,多云,无持续风向微风
2018-03-31 周六,28°,19°,多云,无持续风向微风
2018-04-01 周日,29°,20°,多云,无持续风向微风
2018-04-02 周一,29°,20°,多云,无持续风向微风
2018-04-03 周二,29°,21°,多云,无持续风向微风
2018-04-04 周三,30°,20°,多云,无持续风向微风
2018-04-05 周四,29°,19°,多云,无持续风向微风
2018-04-06 周五,19°,13°,小雨~多云,北风4-5级
2018-04-07 周六,19°,11°,阵雨~多云,北风3-4级
2018-04-08 周日,25°,14°,多云,无持续风向微风
2018-04-09 周一,27°,16°,多云,无持续风向微风
2018-04-10 周二,28°,17°,多云,无持续风向微风
2018-04-11 周三,28°,20°,阴,无持续风向微风
2018-04-12 周四,29°,22°,多云~阴,南风3-4级
2018-04-13 周五,30°,23°,多云~阴,南风3-4级
2018-04-14 周六,28°,17°,雷阵雨,无持续风向微风
2018-04-15 周日,20°,16°,小到中雨~雷阵雨,北风4-5级
2018-04-16 周一,17°,15°,中雨~阴,无持续风向微风
2018-04-17 周二,24°,14°,多云,无持续风向微风
2018-04-18 周三,26°,18°,多云,无持续风向微风
2018-04-19 周四,27°,19°,多云,无持续风向微风
2018-04-20 周五,27°,21°,小到中雨~雷阵雨,南风3-4级
2018-04-21 周六,28°,22°,阴,南风3-4级
2018-04-22 周日,29°,22°,雷阵雨,无持续风向微风
2018-04-23 周一,27°,20°,雷阵雨~中雨,无持续风向微风
2018-04-24 周二,25°,20°,阴,无持续风向微风
2018-04-25 周三,26°,22°,阴,无持续风向微风
2018-04-26 周四,26°,21°,小到中雨~雷阵雨,无持续风向微风
2018-04-27 周五,26°,21°,小雨,无持续风向微风
2018-04-28 周六,27°,21°,多云,无持续风向微风
2018-04-29 周日,27°,22°,雷阵雨~多云,无持续风向微风
2018-04-30 周一,29°,23°,雾,无持续风向微风
2018-05-01 周二,30°,24°,雷阵雨~多云,无持续风向微风
2018-05-02 周三,30°,23°,雷阵雨,无持续风向微风
2018-05-03 周四,29°,21°,中雨~中到大雨,无持续风向微风
2018-05-04 周五,28°,22°,雷阵雨~多云,无持续风向微风
2018-05-05 周六,28°,23°,雷阵雨,无持续风向微风
2018-05-06 周日,29°,23°,小到中雨~雷阵雨,无持续风向微风
2018-05-07 周一,28°,22°,中到大雨~中雨,无持续风向微风
2018-05-08 周二,26°,21°,小到中雨~雷阵雨,无持续风向微风
2018-05-09 周三,27°,22°,中雨,无持续风向微风
2018-05-10 周四,26°,21°,中雨~小到中雨,无持续风向微风
2018-05-11 周五,28°,22°,雷阵雨,无持续风向微风
2018-05-12 周六,29°,22°,多云,无持续风向微风
2018-05-13 周日,31°,23°,小雨~多云,无持续风向微风
2018-05-14 周一,32°,24°,雷阵雨~多云,无持续风向微风
2018-05-15 周二,32°,25°,多云,无持续风向微风
2018-05-16 周三,33°,26°,多云,无持续风向微风
2018-05-17 周四,34°,25°,多云,无持续风向微风
2018-05-18 周五,33°,25°,雷阵雨~多云,无持续风向微风
2018-05-19 周六,34°,25°,多云,无持续风向微风
2018-05-20 周日,35°,27°,多云,无持续风向微风
2018-05-21 周一,35°,26°,多云,无持续风向微风
2018-05-22 周二,35°,25°,多云,无持续风向微风
2018-05-23 周三,34°,26°,多云,无持续风向微风
2018-05-24 周四,35°,27°,多云,无持续风向微风
2018-05-25 周五,34°,27°,多云,无持续风向微风
2018-05-26 周六,35°,27°,多云,无持续风向微风
2018-05-27 周日,35°,26°,多云~晴,无持续风向微风
2018-05-28 周一,36°,26°,雷阵雨~多云,无持续风向微风
2018-05-29 周二,34°,26°,雷阵雨~多云,无持续风向微风
2018-05-30 周三,35°,25°,多云,无持续风向微风
2018-05-31 周四,35°,27°,多云~雷阵雨,无持续风向微风
2018-06-01 周五,34°,25°,雷阵雨,无持续风向微风
2018-06-02 周六,33°,26°,中雨~多云,无持续风向微风
2018-06-03 周日,33°,26°,雷阵雨,无持续风向微风
2018-06-04 周一,33°,26°,雷阵雨,无持续风向微风
2018-06-05 周二,31°,24°,大雨~雷阵雨,无持续风向微风
2018-06-06 周三,30°,24°,大雨~中雨,东南风3-4级
2018-06-07 周四,28°,24°,中雨~大雨,无持续风向微风
2018-06-08 周五,28°,24°,大雨,东南风4-5级
2018-06-09 周六,31°,24°,雷阵雨,无持续风向微风
2018-06-10 周日,33°,24°,多云,无持续风向微风
2018-06-11 周一,34°,26°,多云~雷阵雨,无持续风向微风
2018-06-12 周二,30°,25°,中雨~大雨,无持续风向微风
2018-06-13 周三,28°,24°,大雨~雷阵雨,无持续风向微风
2018-06-14 周四,30°,24°,多云,无持续风向微风
2018-06-15 周五,32°,24°,多云,无持续风向微风
2018-06-16 周六,31°,25°,多云,无持续风向微风
2018-06-17 周日,30°,25°,雷阵雨,无持续风向微风
2018-06-18 周一,33°,26°,雷阵雨~多云,无持续风向微风
2018-06-19 周二,33°,26°,雷阵雨,无持续风向微风
2018-06-20 周三,33°,27°,雷阵雨,无持续风向微风
2018-06-21 周四,33°,27°,雷阵雨,无持续风向微风
2018-06-22 周五,30°,26°,大雨~中雨,无持续风向微风
2018-06-23 周六,31°,25°,大雨~雷阵雨,无持续风向微风
2018-06-24 周日,31°,26°,中雨~雷阵雨,南风3-4级
2018-06-25 周一,33°,26°,雷阵雨,无持续风向微风
2018-06-26 周二,33°,25°,雷阵雨~多云,无持续风向微风
2018-06-27 周三,33°,25°,多云,无持续风向微风
2018-06-28 周四,35°,26°,多云,无持续风向微风
2018-06-29 周五,34°,26°,多云,无持续风向微风
2018-06-30 周六,35°,26°,雷阵雨,无持续风向微风
2018-07-01 周日,33°,26°,雷阵雨,无持续风向微风
2018-07-02 周一,34°,27°,雷阵雨,无持续风向微风
2018-07-03 周二,33°,26°,雷阵雨,无持续风向微风
2018-07-04 周三,34°,26°,雷阵雨,无持续风向微风
2018-07-05 周四,34°,26°,阴,无持续风向微风
2018-07-06 周五,34°,27°,雷阵雨,无持续风向微风
2018-07-07 周六,32°,27°,雷阵雨,无持续风向微风
2018-07-08 周日,32°,26°,雷阵雨,无持续风向微风
2018-07-09 周一,33°,26°,雷阵雨~多云,无持续风向微风
2018-07-10 周二,35°,27°,晴~多云,无持续风向微风
2018-07-11 周三,36°,26°,多云,无持续风向微风
2018-07-12 周四,35°,26°,雷阵雨,无持续风向微风
2018-07-13 周五,31°,27°,中雨~雷阵雨,无持续风向微风
2018-07-14 周六,29°,23°,中雨,无持续风向微风
2018-07-15 周日,31°,25°,中雨,东风4-5级
2018-07-16 周一,31°,26°,雷阵雨~多云,无持续风向微风
2018-07-17 周二,34°,26°,多云~雷阵雨,无持续风向微风
2018-07-18 周三,33°,25°,雷阵雨~多云,无持续风向微风
2018-07-19 周四,33°,25°,雷阵雨,无持续风向微风
2018-07-20 周五,35°,27°,多云,无持续风向微风
2018-07-21 周六,34°,26°,雷阵雨~多云,无持续风向微风
2018-07-22 周日,34°,26°,雷阵雨,无持续风向微风
2018-07-23 周一,32°,25°,大雨~雷阵雨,无持续风向微风
2018-07-24 周二,30°,25°,大雨~雷阵雨,东南风3-4级
2018-07-25 周三,31°,25°,雷阵雨,无持续风向微风
2018-07-26 周四,33°,26°,雷阵雨,无持续风向微风
2018-07-27 周五,33°,24°,雷阵雨,无持续风向微风
2018-07-28 周六,33°,25°,雷阵雨~多云,无持续风向微风
2018-07-29 周日,34°,26°,多云,无持续风向微风
2018-07-30 周一,35°,26°,雷阵雨~多云,无持续风向微风
2018-07-31 周二,35°,26°,雷阵雨,无持续风向微风
2018-08-01 周三,34°,26°,雷阵雨~阴,无持续风向微风
2018-08-02 周四,34°,26°,雷阵雨,无持续风向微风
2018-08-03 周五,33°,25°,雷阵雨,无持续风向微风
2018-08-04 周六,34°,26°,多云,无持续风向微风
2018-08-05 周日,34°,25°,多云,无持续风向微风
2018-08-06 周一,34°,26°,雷阵雨,无持续风向微风
2018-08-07 周二,35°,25°,雷阵雨~多云,无持续风向微风
2018-08-08 周三,35°,25°,多云,无持续风向微风
2018-08-09 周四,34°,24°,雷阵雨,无持续风向微风
2018-08-10 周五,32°,25°,中雨,无持续风向微风
2018-08-11 周六,31°,25°,大雨,东风4-5级
2018-08-12 周日,29°,25°,暴雨~雷阵雨,东风3-4级
2018-08-13 周一,32°,26°,雷阵雨,东风4-5级
2018-08-14 周二,31°,24°,雷阵雨,东风3-4级
2018-08-15 周三,31°,25°,雷阵雨,东风3-4级
2018-08-16 周四,31°,25°,中雨~雷阵雨,无持续风向微风
2018-08-17 周五,32°,25°,中雨,无持续风向微风
2018-08-18 周六,32°,26°,雷阵雨,无持续风向微风
2018-08-19 周日,32°,25°,中雨~多云,无持续风向微风
2018-08-20 周一,32°,26°,中雨~雷阵雨,无持续风向微风
2018-08-21 周二,33°,25°,多云~雷阵雨,无持续风向微风
2018-08-22 周三,34°,25°,雷阵雨,无持续风向微风
2018-08-23 周四,34°,25°,中雨~雷阵雨,无持续风向微风
2018-08-24 周五,34°,25°,雷阵雨,无持续风向微风
2018-08-25 周六,35°,25°,雷阵雨~阴,无持续风向微风
2018-08-26 周日,33°,24°,雷阵雨,无持续风向微风
2018-08-27 周一,32°,25°,雷阵雨,无持续风向微风
2018-08-28 周二,29°,24°,中雨,无持续风向微风
2018-08-29 周三,28°,25°,中雨~大雨,无持续风向微风
2018-08-30 周四,30°,25°,暴雨~雷阵雨,无持续风向微风
2018-08-31 周五,30°,25°,中雨,无持续风向微风
2018-09-01 周六,30°,25°,中雨~雷阵雨,无持续风向微风
2018-09-02 周日,31°,25°,雷阵雨,无持续风向微风
2018-09-03 周一,32°,26°,雷阵雨~多云,无持续风向微风
2018-09-04 周二,34°,25°,雷阵雨~多云,无持续风向微风
2018-09-05 周三,33°,25°,雷阵雨,无持续风向微风
2018-09-06 周四,33°,25°,雷阵雨~中雨,无持续风向微风
2018-09-07 周五,32°,24°,中雨,无持续风向微风
2018-09-08 周六,29°,23°,雷阵雨,北风4-5级
2018-09-09 周日,31°,23°,多云,无持续风向微风
2018-09-10 周一,33°,24°,多云,无持续风向微风
2018-09-11 周二,32°,24°,多云,无持续风向微风
2018-09-12 周三,32°,25°,雷阵雨~多云,无持续风向微风
2018-09-13 周四,31°,25°,雷阵雨~多云,无持续风向微风
2018-09-14 周五,35°,26°,多云,无持续风向微风
2018-09-15 周六,35°,25°,多云~阴,北风4-5级
2018-09-16 周日,27°,23°,暴雨~大雨,东风8-9级
2018-09-17 周一,28°,24°,大雨~雷阵雨,东南风4-5级
2018-09-18 周二,32°,24°,雷阵雨~阴,无持续风向微风
2018-09-19 周三,34°,25°,多云,无持续风向微风
2018-09-20 周四,33°,24°,雷阵雨,无持续风向微风
2018-09-21 周五,34°,24°,雷阵雨~多云,无持续风向微风
2018-09-22 周六,33°,24°,阴~雷阵雨,无持续风向微风
2018-09-23 周日,32°,24°,阴~多云,无持续风向微风
2018-09-24 周一,31°,24°,雷阵雨,无持续风向微风
2018-09-25 周二,31°,24°,多云,无持续风向微风
2018-09-26 周三,32°,24°,雷阵雨~多云,无持续风向微风
2018-09-27 周四,32°,24°,多云,无持续风向微风
2018-09-28 周五,31°,23°,多云,无持续风向微风
2018-09-29 周六,30°,23°,多云,无持续风向微风
2018-09-30 周日,31°,20°,多云,无持续风向微风
2018-10-01 周一,30°,20°,多云~晴,无持续风向微风
2018-10-02 周二,30°,18°,多云~晴,无持续风向微风
2018-10-03 周三,30°,19°,晴,无持续风向微风
2018-10-04 周四,29°,20°,晴,北风3-4级
2018-10-05 周五,30°,20°,晴,无持续风向微风
2018-10-06 周六,31°,20°,晴,无持续风向微风
2018-10-07 周日,30°,19°,晴,无持续风向微风
2018-10-08 周一,29°,20°,晴~多云,无持续风向微风
2018-10-09 周二,31°,20°,多云,无持续风向微风
2018-10-10 周三,28°,19°,小雨,北风3-4级
2018-10-11 周四,25°,19°,多云,无持续风向微风
2018-10-12 周五,27°,19°,多云,无持续风向微风
2018-10-13 周六,27°,20°,多云,无持续风向微风
2018-10-14 周日,27°,21°,小雨,无持续风向微风
2018-10-15 周一,25°,20°,中雨~小雨,无持续风向微风
2018-10-16 周二,25°,19°,中雨~雷阵雨,无持续风向微风
2018-10-17 周三,25°,19°,小雨~阴,无持续风向微风
2018-10-18 周四,24°,20°,多云,无持续风向微风
2018-10-19 周五,25°,20°,阴~多云,无持续风向微风
2018-10-20 周六,26°,20°,多云,无持续风向微风
2018-10-21 周日,27°,20°,多云,无持续风向微风
2018-10-22 周一,28°,21°,阴,无持续风向微风
2018-10-23 周二,27°,19°,多云,无持续风向微风
2018-10-24 周三,27°,22°,多云,无持续风向微风
2018-10-25 周四,27°,20°,多云,无持续风向微风
2018-10-26 周五,28°,19°,小雨~多云,无持续风向微风
2018-10-27 周六,25°,15°,多云~晴,无持续风向微风
2018-10-28 周日,26°,16°,晴,无持续风向微风
2018-10-29 周一,28°,16°,晴,无持续风向微风
2018-10-30 周二,28°,17°,晴,北风3-4级
2018-10-31 周三,27°,17°,晴~多云,北风4-5级
2018-11-01 周四,26°,17°,阵雨,北风5-6级
2018-11-02 周五,24°,17°,多云~阵雨,北风4-5级
2018-11-03 周六,27°,17°,多云,无持续风向微风
2018-11-04 周日,27°,20°,多云,无持续风向微风
2018-11-05 周一,27°,20°,多云,无持续风向微风
2018-11-06 周二,28°,19°,阴~多云,无持续风向微风
2018-11-07 周三,28°,19°,小雨~多云,无持续风向微风
2018-11-08 周四,26°,17°,多云,无持续风向微风
2018-11-09 周五,25°,19°,阴,无持续风向微风
2018-11-10 周六,26°,20°,多云,无持续风向微风
2018-11-11 周日,27°,20°,多云~阴,无持续风向微风
2018-11-12 周一,26°,17°,多云,无持续风向微风
2018-11-13 周二,26°,19°,多云~雾,无持续风向微风
2018-11-14 周三,27°,20°,多云,无持续风向微风
2018-11-15 周四,28°,21°,小雨,无持续风向微风
2018-11-16 周五,26°,19°,小雨~小到中雨,无持续风向微风
2018-11-17 周六,24°,18°,小雨,无持续风向微风
2018-11-18 周日,25°,16°,小雨,无持续风向微风
2018-11-19 周一,22°,17°,小雨~阴,无持续风向微风
2018-11-20 周二,25°,18°,多云~小雨,无持续风向微风
2018-11-21 周三,21°,14°,小雨,东北风3级
2018-11-22 周四,19°,11°,晴,东北风3级
2018-11-23 周五,23°,14°,多云,东北风2级
2018-11-24 周六,24°,14°,晴~多云,东北风2级
2018-11-25 周日,24°,16°,多云~阴,东北风2级
2018-11-26 周一,23°,15°,多云,东北风2级
2018-11-27 周二,22°,16°,阴,东北风2级
2018-11-28 周三,22°,13°,阴~多云,东北风2级
2018-11-29 周四,25°,16°,多云~阴,东北风2级
2018-11-30 周五,26°,16°,多云~阴,东南风2级
2018-12-01 周六,24°,16°,多云,东北风2级
2018-12-02 周日,26°,20°,多云,东南风2级
2018-12-03 周一,26°,19°,阴,东南风1级
2018-12-04 周二,28°,17°,多云,东北风1级
2018-12-05 周三,25°,18°,多云~小雨,东北风2级
2018-12-06 周四,25°,14°,小雨~阴,东北风2级
2018-12-07 周五,18°,11°,小雨,东北风3级
2018-12-08 周六,15°,10°,阴~小雨,东北风3级
2018-12-09 周日,13°,8°,小雨,东北风3级
2018-12-10 周一,14°,9°,阴~阵雨,北风2级
2018-12-11 周二,14°,8°,小雨,西北风3级
2018-12-12 周三,13°,10°,小雨~多云,西北风3级
2018-12-13 周四,13°,9°,多云,东北风2级
2018-12-14 周五,17°,11°,多云,东北风2级
2018-12-15 周六,20°,12°,多云,东北风2级
2018-12-16 周日,20°,11°,小雨~多云,西北风3级
2018-12-17 周一,20°,10°,多云,东北风3级
2018-12-18 周二,20°,12°,多云~阴,东北风2级
2018-12-19 周三,22°,16°,多云,东南风1级
2018-12-20 周四,25°,18°,阴~多云,东南风2级
2018-12-21 周五,27°,18°,多云,东南风2级
2018-12-22 周六,27°,16°,多云,东北风2级
2018-12-23 周日,22°,13°,阴,东北风3级
2018-12-24 周一,20°,16°,阴,东北风2级
2018-12-25 周二,21°,15°,阴,东北风1级
2018-12-26 周三,22°,12°,多云,东北风2级
2018-12-27 周四,22°,12°,多云~阴,东北风3级
2018-12-28 周五,18°,7°,多云,东北风3级
2018-12-29 周六,11°,4°,多云,东北风3级
2018-12-30 周日,11°,5°,阴,东北风3级
2018-12-31 周一,11°,6°,阴~多云,东北风3级
2019-01-01 周二,12°,7°,阴~小雨,北风3级
2019-01-02 周三,11°,9°,小雨,东北风3级
2019-01-03 周四,13°,11°,阴~阵雨,西北风2级
2019-01-04 周五,19°,15°,阵雨~阴,西北风2级
2019-01-05 周六,19°,12°,阵雨~阴,东北风2级
2019-01-06 周日,17°,12°,阴,东北风2级
2019-01-07 周一,19°,12°,阴~小雨,西北风2级
2019-01-08 周二,16°,13°,阴,东北风3级
2019-01-09 周三,19°,13°,阴~小雨,东北风2级
2019-01-10 周四,20°,16°,小雨,东北风2级
2019-01-11 周五,21°,15°,小雨,西北风2级
2019-01-12 周六,22°,15°,阴,西北风2级
2019-01-13 周日,21°,16°,阴,西北风2级
2019-01-14 周一,23°,17°,阴,东北风2级
2019-01-15 周二,19°,11°,阵雨~小雨,东北风2级
2019-01-16 周三,16°,9°,阴~多云,东北风3级
2019-01-17 周四,18°,9°,多云,东北风3级
2019-01-18 周五,20°,10°,多云~阴,东北风2级
2019-01-19 周六,20°,15°,多云~小雨,东南风1级
2019-01-20 周日,21°,11°,阴,东北风2级
2019-01-21 周一,18°,8°,多云,东北风3级
2019-01-22 周二,19°,6°,晴,东北风3级
2019-01-23 周三,19°,8°,晴,东北风2级
2019-01-24 周四,22°,10°,晴,东南风2级
2019-01-25 周五,22°,13°,多云,东北风2级
2019-01-26 周六,22°,10°,晴,东北风3级
2019-01-27 周日,23°,11°,晴,东北风2级
2019-01-28 周一,23°,11°,多云~晴,东南风2级
2019-01-29 周二,24°,13°,阴,东南风1级
2019-01-30 周三,25°,15°,多云~阴,东南风2级
2019-01-31 周四,24°,12°,多云~阴,东北风2级
2019-02-01 周五,19°,13°,阴~小雨,东北风3级
2019-02-02 周六,21°,16°,多云,东南风2级
2019-02-03 周日,24°,17°,小雨~多云,东南风1级
2019-02-04 周一,26°,17°,多云,东北风2级
2019-02-05 周二,26°,18°,小雨,东南风2级
2019-02-06 周三,26°,19°,小雨,东南风3级
2019-02-07 周四,27°,20°,多云,东南风3级
2019-02-08 周五,27°,19°,小雨,东南风3级
2019-02-09 周六,21°,16°,小雨,东北风3级
2019-02-10 周日,22°,14°,小雨,东北风2级
2019-02-11 周一,18°,14°,多云,东北风2级
2019-02-12 周二,21°,16°,多云,东北风2级
2019-02-13 周三,24°,18°,多云~阴,东北风1级
2019-02-14 周四,24°,18°,小雨,东南风2级
2019-02-15 周五,26°,17°,小雨,东南风2级
2019-02-16 周六,25°,18°,小雨,东南风1级
2019-02-17 周日,22°,17°,小雨,东北风2级
2019-02-18 周一,18°,14°,大雨~小雨,东北风2级
2019-02-19 周二,20°,18°,小雨,东北风2级
2019-02-20 周三,24°,18°,小雨,东南风3级
2019-02-21 周四,26°,12°,雷阵雨~小雨,东南风3级
2019-02-22 周五,18°,11°,阴~小雨,东北风3级
2019-02-23 周六,15°,10°,小雨,东北风3级
2019-02-24 周日,14°,12°,阴~多云,东北风2级
2019-02-25 周一,19°,15°,小雨,东北风2级
2019-02-26 周二,18°,15°,小雨,东北风1级
2019-02-27 周三,21°,16°,小雨,东南风2级
2019-02-28 周四,23°,17°,阴,东北风1级
2019-03-01 周五,23°,17°,小雨,东南风2级
2019-03-02 周六,25°,15°,多云~小雨,东南风3级
2019-03-03 周日,21°,13°,雷阵雨~阴,西北风3级
2019-03-04 周一,23°,15°,小雨~中雨,东南风3级
2019-03-05 周二,24°,16°,中雨,东南风3级
2019-03-06 周三,19°,15°,中雨,东北风3级
2019-03-07 周四,16°,13°,大雨~中雨,东北风3级
2019-03-08 周五,15°,12°,小雨,东北风2级
2019-03-09 周六,18°,13°,中雨~小雨,东北风2级
2019-03-10 周日,17°,12°,小雨~多云,西北风3级
2019-03-11 周一,22°,13°,多云,东北风2级
2019-03-12 周二,24°,14°,多云,东南风2级
2019-03-13 周三,26°,17°,多云~小雨,东南风2级
2019-03-14 周四,21°,15°,阵雨,东北风2级
2019-03-15 周五,21°,16°,阴~多云,东北风2级
2019-03-16 周六,23°,14°,多云~阴,东北风2级
2019-03-17 周日,24°,18°,多云~阴,东南风1级
2019-03-18 周一,25°,19°,小雨,东南风1级
2019-03-19 周二,26°,20°,多云,东南风2级
2019-03-20 周三,28°,21°,多云,东南风3级
2019-03-21 周四,28°,19°,多云~雷阵雨,东南风3级
2019-03-22 周五,24°,15°,雷阵雨~中雨,东南风2级
2019-03-23 周六,19°,15°,小雨,东北风3级
2019-03-24 周日,18°,14°,雷阵雨~中雨,东北风2级
2019-03-25 周一,19°,14°,中雨~多云,西北风2级
2019-03-26 周二,24°,17°,阴~多云,东南风2级
2019-03-27 周三,26°,19°,多云,东南风2级
2019-03-28 周四,27°,21°,多云~阴,西南风2级
2019-03-29 周五,26°,20°,中雨~阴,西南风2级
2019-03-30 周六,27°,18°,多云~小雨,东南风2级
2019-03-31 周日,24°,16°,雷阵雨~小雨,东南风3级
2019-04-01 周一,22°,17°,小雨~阴,东北风2级
2019-04-02 周二,25°,19°,阴~多云,东南风2级
2019-04-03 周三,26°,18°,多云~雷阵雨,东南风2级
2019-04-04 周四,26°,19°,小雨~雷阵雨,东北风1级
2019-04-05 周五,27°,20°,多云,西北风2级
2019-04-06 周六,28°,21°,多云,西南风2级
2019-04-07 周日,28°,22°,多云~阴,西南风2级
2019-04-08 周一,30°,23°,阴,南风3级
2019-04-09 周二,31°,23°,多云,东南风3级
2019-04-10 周三,30°,22°,雷阵雨,西南风3级
2019-04-11 周四,29°,19°,中雨~雷阵雨,东南风2级
2019-04-12 周五,24°,19°,雷阵雨~中雨,东北风2级
2019-04-13 周六,21°,16°,大雨~中雨,东南风2级
2019-04-14 周日,23°,18°,大雨~雷阵雨,东南风2级
2019-04-15 周一,24°,19°,雷阵雨,东北风2级
2019-04-16 周二,23°,20°,大雨~阴,东北风1级
2019-04-17 周三,27°,20°,阴~阵雨,东南风2级
2019-04-18 周四,25°,21°,暴雨~大雨,东南风3级
2019-04-19 周五,25°,22°,暴雨~中雨,东南风3级
2019-04-20 周六,28°,21°,大雨~雷阵雨,东南风3级
2019-04-21 周日,28°,25°,大雨~雷阵雨,东南风3级
2019-04-22 周一,29°,24°,雷阵雨,东南风3级
2019-04-23 周二,30°,24°,多云,西南风3级
2019-04-24 周三,32°,25°,多云~雷阵雨,西南风3级
2019-04-25 周四,30°,22°,大雨~雷阵雨,西南风3级
2019-04-26 周五,29°,23°,大雨~中雨,西南风2级
2019-04-27 周六,28°,23°,大雨~雷阵雨,东南风3级
2019-04-28 周日,28°,23°,雷阵雨,东南风3级
2019-04-29 周一,30°,23°,阵雨~小雨,东南风3级
2019-04-30 周二,27°,21°,大雨~中雨,西南风3级
2019-05-01 周三,28°,19°,阴~多云,东北风3级
2019-05-02 周四,27°,20°,多云,东北风2级
2019-05-03 周五,26°,20°,阴~多云,东南风2级
2019-05-04 周六,26°,20°,阵雨~中雨,东南风2级
2019-05-05 周日,22°,19°,大雨,东北风2级
2019-05-06 周一,23°,19°,大雨~雷阵雨,东北风2级
2019-05-07 周二,23°,19°,小雨~中雨,东北风2级
2019-05-08 周三,20°,19°,大雨~中雨,东北风2级
2019-05-09 周四,24°,20°,阴~多云,东北风2级
2019-05-10 周五,29°,21°,多云,东北风2级
2019-05-11 周六,30°,22°,阴~多云,西南风2级
2019-05-12 周日,31°,24°,多云,东南风3级
2019-05-13 周一,33°,24°,多云,东南风2级
2019-05-14 周二,32°,25°,阴,东南风3级
2019-05-15 周三,32°,25°,雷阵雨~多云,西南风3级
2019-05-16 周四,32°,25°,雷阵雨,西南风3级
2019-05-17 周五,33°,26°,雷阵雨,西南风3级
2019-05-18 周六,33°,26°,雷阵雨~阴,西南风3级
2019-05-19 周日,33°,22°,中雨~雷阵雨,东南风3级
2019-05-20 周一,30°,23°,雷阵雨,西北风3级
2019-05-21 周二,31°,23°,雷阵雨,东南风2级
2019-05-22 周三,29°,24°,中雨~雷阵雨,东南风2级
2019-05-23 周四,29°,23°,雷阵雨~中雨,东南风2级
2019-05-24 周五,28°,24°,雷阵雨,东南风3级
2019-05-25 周六,30°,25°,雷阵雨,东南风3级
2019-05-26 周日,29°,24°,中雨,东南风3级
2019-05-27 周一,30°,25°,中雨,东南风3级
2019-05-28 周二,27°,23°,中雨~大雨,东南风2级
2019-05-29 周三,28°,24°,中到大雨~中雨,东北风2级
2019-05-30 周四,28°,23°,中雨~雷阵雨,东南风3级
2019-05-31 周五,28°,23°,中雨~雷阵雨,东南风2级
2019-06-01 周六,31°,25°,大雨~中雨,西南风2级
2019-06-02 周日,29°,24°,大雨~中雨,西南风3级
2019-06-03 周一,30°,25°,雷阵雨,西南风2级
2019-06-04 周二,32°,26°,雷阵雨~多云,西南风3级
2019-06-05 周三,32°,26°,雷阵雨,东南风3级
2019-06-06 周四,35°,26°,雷阵雨~多云,西南风3级
2019-06-07 周五,35°,26°,雷阵雨~多云,西南风3级
2019-06-08 周六,34°,28°,雷阵雨~多云,西南风3级
2019-06-09 周日,34°,26°,雷阵雨,西南风3级
2019-06-10 周一,32°,24°,中雨~大雨,西南风3级
2019-06-11 周二,28°,25°,大雨~雷阵雨,西南风2级
2019-06-12 周三,29°,25°,雷阵雨~大雨,东南风1级
2019-06-13 周四,29°,25°,大雨,西南风2级
2019-06-14 周五,32°,24°,多云,东北风3级
2019-06-15 周六,34°,24°,多云~中雨,东南风2级
2019-06-16 周日,29°,25°,雷阵雨,东南风3级
2019-06-17 周一,33°,25°,多云,东南风3级
2019-06-18 周二,32°,26°,中雨,东南风3级
2019-06-19 周三,33°,26°,雷阵雨~多云,东南风3级
2019-06-20 周四,34°,28°,雷阵雨~多云,西南风3级
2019-06-21 周五,35°,27°,雷阵雨~多云,西南风3级
2019-06-22 周六,35°,27°,中雨~多云,西南风3级
2019-06-23 周日,34°,27°,雷阵雨~中雨,西南风3级
2019-06-24 周一,31°,25°,大雨,西南风2级
2019-06-25 周二,30°,24°,中雨,西南风2级
2019-06-26 周三,32°,26°,雷阵雨,西南风2级
2019-06-27 周四,32°,26°,雷阵雨,东南风3级
2019-06-28 周五,33°,27°,雷阵雨,东南风3级
2019-06-29 周六,32°,26°,多云,东南风3级
2019-06-30 周日,35°,27°,雷阵雨,东南风2级
2019-07-01 周一,33°,27°,雷阵雨,东南风3级
2019-07-02 周二,34°,25°,雷阵雨~中雨,东南风3级
2019-07-03 周三,30°,25°,中雨~雷阵雨,东南风3级
2019-07-04 周四,33°,26°,雷阵雨~多云,东南风3级
2019-07-05 周五,33°,27°,雷阵雨~多云,西南风3级
2019-07-06 周六,34°,27°,多云~雷阵雨,西南风3级
2019-07-07 周日,34°,27°,多云,西南风3级
2019-07-08 周一,34°,27°,雷阵雨,西南风3级
2019-07-09 周二,34°,26°,雷阵雨~大雨,西南风3级
2019-07-10 周三,30°,25°,中雨~雷阵雨,西南风2级
2019-07-11 周四,31°,25°,雷阵雨,东南风2级
2019-07-12 周五,34°,25°,多云,西南风3级
2019-07-13 周六,34°,27°,雷阵雨,西南风3级
2019-07-14 周日,34°,27°,雷阵雨,西南风3级
2019-07-15 周一,34°,26°,雷阵雨,东南风3级
2019-07-16 周二,35°,27°,晴,南风2级
2019-07-17 周三,36°,27°,多云,西北风2级
2019-07-18 周四,37°,27°,雷阵雨,西北风2级
2019-07-19 周五,36°,26°,雷阵雨,西南风2级
2019-07-20 周六,34°,26°,雷阵雨,西南风3级
2019-07-21 周日,34°,26°,雷阵雨,西南风3级
2019-07-22 周一,34°,25°,中雨~雷阵雨,西南风3级
2019-07-23 周二,32°,25°,雷阵雨,东南风3级
2019-07-24 周三,33°,26°,雷阵雨~多云,东南风3级
2019-07-25 周四,35°,27°,雷阵雨,东南风3级
2019-07-26 周五,35°,27°,多云,西南风3级
2019-07-27 周六,35°,27°,雷阵雨~多云,西南风3级
2019-07-28 周日,35°,26°,雷阵雨,东南风3级
2019-07-29 周一,33°,26°,中雨~雷阵雨,东南风3级
2019-07-30 周二,31°,25°,雷阵雨,东北风3级
2019-07-31 周三,31°,24°,大雨,东北风4级
2019-08-01 周四,29°,24°,中雨~雷阵雨,东南风4级
2019-08-02 周五,29°,25°,中雨~雷阵雨,东南风4级
2019-08-03 周六,30°,25°,中雨~雷阵雨,东风3级
2019-08-04 周日,31°,24°,雷阵雨~多云,东北风2级
2019-08-05 周一,34°,26°,多云,东南风2级
2019-08-06 周二,35°,26°,晴~多云,南风2级
2019-08-07 周三,35°,27°,雷阵雨~多云,西南风2级
2019-08-08 周四,35°,26°,雷阵雨,东北风2级
2019-08-09 周五,35°,27°,雷阵雨,西北风3级
2019-08-10 周六,35°,27°,雷阵雨,西南风3级
2019-08-11 周日,34°,26°,雷阵雨,西南风3级
2019-08-12 周一,33°,27°,中雨~雷阵雨,西南风2级
2019-08-13 周二,35°,25°,雷阵雨,西南风2级
2019-08-14 周三,34°,26°,雷阵雨,西北风2级
2019-08-15 周四,35°,26°,雷阵雨,西南风2级
2019-08-16 周五,33°,25°,中雨~雷阵雨,西南风2级
2019-08-17 周六,32°,25°,大雨~雷阵雨,西南风2级
2019-08-18 周日,32°,24°,大雨~雷阵雨,西南风2级
2019-08-19 周一,31°,25°,中雨~雷阵雨,东北风2级
2019-08-20 周二,34°,26°,雷阵雨,东南风2级
2019-08-21 周三,34°,26°,雷阵雨,东南风2级
2019-08-22 周四,34°,26°,雷阵雨~多云,东南风2级
2019-08-23 周五,34°,26°,多云,东南风2级
2019-08-24 周六,36°,26°,多云~雷阵雨,西北风3级
2019-08-25 周日,32°,25°,中雨,西南风4级
2019-08-26 周一,33°,27°,中雨~雷阵雨,西南风2级
2019-08-27 周二,33°,26°,雷阵雨~多云,东南风3级
2019-08-28 周三,36°,26°,多云,东北风2级
2019-08-29 周四,33°,25°,雷阵雨,东南风3级
2019-08-30 周五,31°,26°,中雨~雷阵雨,东南风2级
2019-08-31 周六,32°,26°,中到大雨~雷阵雨,东北风2级
2019-09-01 周日,31°,26°,中雨~雷阵雨,东北风3级
2019-09-02 周一,32°,25°,中雨~雷阵雨,东北风3级
2019-09-03 周二,32°,24°,雷阵雨~中雨,东北风3级
2019-09-04 周三,31°,25°,雷阵雨~中到大雨,东北风3级
2019-09-05 周四,30°,24°,中雨~阴,东北风3级
2019-09-06 周五,33°,26°,雷阵雨~多云,东北风2级
2019-09-07 周六,34°,26°,多云,东北风2级
2019-09-08 周日,35°,26°,晴~多云,东南风2级
2019-09-09 周一,34°,26°,雷阵雨~多云,东南风2级
2019-09-10 周二,34°,26°,雷阵雨~多云,东南风3级
2019-09-11 周三,35°,27°,多云,东南风2级
2019-09-12 周四,35°,27°,多云,东南风2级
2019-09-13 周五,35°,26°,多云,西南风2级
2019-09-14 周六,35°,27°,多云,西南风2级
2019-09-15 周日,33°,25°,雷阵雨,东南风2级
2019-09-16 周一,33°,25°,雷阵雨,东北风2级
2019-09-17 周二,33°,25°,多云,东北风2级
2019-09-18 周三,34°,25°,多云,东北风3级
2019-09-19 周四,33°,24°,晴,东北风3级
2019-09-20 周五,32°,23°,晴,东北风3级
2019-09-21 周六,31°,22°,晴,西北风3级
2019-09-22 周日,31°,20°,晴,东北风4级
2019-09-23 周一,31°,21°,晴~多云,东北风3级
2019-09-24 周二,32°,21°,晴,东北风2级
2019-09-25 周三,32°,21°,晴,东北风2级
2019-09-26 周四,32°,22°,晴,东北风2级
2019-09-27 周五,33°,22°,晴,东北风2级
2019-09-28 周六,33°,23°,多云,东北风2级
2019-09-29 周日,34°,22°,晴,东北风2级
2019-09-30 周一,35°,22°,晴~多云,西北风2级
2019-10-01 周二,34°,23°,晴,西北风2级
2019-10-02 周三,34°,24°,晴,西南风2级
2019-10-03 周四,34°,25°,晴,东南风2级
2019-10-04 周五,34°,24°,晴,东南风2级
2019-10-05 周六,34°,25°,晴~多云,东南风2级
2019-10-06 周日,31°,24°,雷阵雨,东南风3级
2019-10-07 周一,30°,23°,阴~多云,东北风2级
2019-10-08 周二,33°,24°,多云,东北风2级
2019-10-09 周三,32°,24°,多云,东南风2级
2019-10-10 周四,32°,23°,雷阵雨~多云,西南风2级
2019-10-11 周五,34°,23°,晴,西南风2级
2019-10-12 周六,32°,23°,小雨~雷阵雨,东北风2级
2019-10-13 周日,30°,23°,雷阵雨,东北风2级
2019-10-14 周一,29°,22°,多云,东北风3级
2019-10-15 周二,30°,20°,多云,东北风3级
2019-10-16 周三,30°,22°,多云~晴,东北风3级
2019-10-17 周四,29°,19°,晴,东北风3级
2019-10-18 周五,29°,19°,晴,东北风3级
2019-10-19 周六,30°,21°,晴,东北风3级
2019-10-20 周日,30°,20°,晴,东北风2级
2019-10-21 周一,31°,21°,多云,东北风2级
2019-10-22 周二,28°,19°,多云~晴,东南风2级
2019-10-23 周三,29°,21°,阵雨~小雨,东北风2级
2019-10-24 周四,29°,22°,多云,东北风2级
2019-10-25 周五,30°,21°,阴,东北风2级
2019-10-26 周六,28°,20°,多云,东北风3级
2019-10-27 周日,30°,21°,多云,东北风2级
2019-10-28 周一,26°,19°,多云,西北风3级
2019-10-29 周二,27°,16°,晴,东北风3级
2019-10-30 周三,28°,17°,晴~多云,东北风3级
2019-10-31 周四,27°,19°,多云,东北风2级
2019-11-01 周五,28°,19°,多云,东北风2级
2019-11-02 周六,30°,21°,多云,东北风2级
2019-11-03 周日,29°,20°,多云~晴,东北风3级
2019-11-04 周一,29°,18°,晴,东北风4级
2019-11-05 周二,28°,17°,晴,东北风3级
2019-11-06 周三,29°,17°,晴,东北风2级
2019-11-07 周四,27°,17°,多云,东北风3级
2019-11-08 周五,26°,16°,多云,东北风3级
2019-11-09 周六,26°,15°,晴,东北风2级
2019-11-10 周日,27°,17°,晴,东北风2级
2019-11-11 周一,28°,18°,多云~晴,东南风2级
2019-11-12 周二,28°,18°,多云,东南风2级
2019-11-13 周三,28°,15°,多云,东北风3级
2019-11-14 周四,25°,15°,多云,东北风3级
2019-11-15 周五,27°,14°,晴,东南风2级
2019-11-16 周六,27°,18°,晴,东南风2级
2019-11-17 周日,28°,16°,晴,东南风2级
2019-11-18 周一,23°,12°,多云,东北风3级
2019-11-19 周二,22°,13°,晴,东北风3级
2019-11-20 周三,25°,15°,多云,东北风3级
2019-11-21 周四,26°,15°,晴,东北风2级
2019-11-22 周五,26°,16°,晴,东北风2级
2019-11-23 周六,27°,18°,晴,东南风1级
2019-11-24 周日,29°,17°,晴,东北风2级
2019-11-25 周一,26°,15°,晴~多云,东北风3级
2019-11-26 周二,24°,16°,多云,东北风2级
2019-11-27 周三,25°,13°,多云,东北风3级
2019-11-28 周四,22°,12°,多云,东北风4级
2019-11-29 周五,22°,12°,晴,东北风3级
2019-11-30 周六,24°,14°,晴,东北风2级
2019-12-01 周日,24°,11°,晴~多云,东北风3级
2019-12-02 周一,21°,10°,晴,东北风4级
2019-12-03 周二,20°,9°,多云,东北风3级
2019-12-04 周三,21°,10°,多云~阴,东北风3级
2019-12-05 周四,18°,10°,阴~多云,东北风3级
2019-12-06 周五,20°,8°,晴,东北风4级
2019-12-07 周六,20°,7°,多云,东北风4级
2019-12-08 周日,20°,7°,多云,东北风2级
2019-12-09 周一,21°,9°,多云~晴,东北风2级
2019-12-10 周二,23°,8°,晴,西北风1级
2019-12-11 周三,23°,10°,晴,东北风2级
2019-12-12 周四,24°,11°,晴~多云,东南风2级
2019-12-13 周五,25°,13°,晴,东南风1级
2019-12-14 周六,26°,14°,晴,东南风1级
2019-12-15 周日,26°,16°,多云,东南风2级
2019-12-16 周一,26°,17°,多云,东南风2级
2019-12-17 周二,27°,18°,多云,东南风2级
2019-12-18 周三,27°,13°,多云~小雨,东北风2级
2019-12-19 周四,20°,12°,阴~多云,西北风3级
2019-12-20 周五,19°,16°,多云~阴,东北风2级
2019-12-21 周六,19°,13°,多云,东北风2级
2019-12-22 周日,22°,14°,多云,西北风2级
2019-12-23 周一,24°,15°,多云,东北风1级
2019-12-24 周二,24°,16°,小雨~多云,东北风2级
2019-12-25 周三,22°,15°,多云~晴,东北风1级
2019-12-26 周四,21°,10°,多云,东北风3级
2019-12-27 周五,20°,10°,多云,东北风3级
2019-12-28 周六,21°,14°,多云,东北风2级
2019-12-29 周日,24°,16°,阴,东南风1级
2019-12-30 周一,26°,15°,阴~多云,东北风1级
2019-12-31 周二,23°,13°,多云,东北风3级
2020-01-01 周三,20°,13°,多云~晴,东北风2级
2020-01-02 周四,22°,15°,阴,东南风1级
2020-01-03 周五,25°,14°,多云,东南风1级
2020-01-04 周六,26°,15°,阴~多云,东南风2级
2020-01-05 周日,24°,17°,多云,东南风2级
2020-01-06 周一,25°,19°,阴,东南风2级
2020-01-07 周二,27°,15°,阴~多云,东南风1级
2020-01-08 周三,27°,16°,多云~小雨,东北风2级
2020-01-09 周四,23°,17°,阴~多云,东南风2级
2020-01-10 周五,25°,17°,多云,东南风2级
2020-01-11 周六,23°,11°,阴~小雨,西北风2级
2020-01-12 周日,18°,11°,阴~多云,西北风3级
2020-01-13 周一,20°,13°,多云,东北风2级
2020-01-14 周二,21°,13°,多云,东北风2级
2020-01-15 周三,25°,16°,多云~小雨,东南风2级
2020-01-16 周四,23°,11°,阴~多云,东北风3级
2020-01-17 周五,17°,12°,阴~多云,西北风3级
2020-01-18 周六,17°,12°,阴~小雨,东北风2级
2020-01-19 周日,13°,13°,阴~多云,东北风2级
2020-01-20 周一,18°,14°,多云,东北风2级
2020-01-21 周二,22°,16°,阴~多云,东南风2级
2020-01-22 周三,25°,18°,多云,东南风2级
2020-01-23 周四,28°,19°,多云,东南风2级
2020-01-24 周五,25°,16°,阴~小雨,东南风1级
2020-01-25 周六,20°,10°,阴~大雨,东北风3级
2020-01-26 周日,12°,8°,中雨~多云,西北风3级
2020-01-27 周一,14°,8°,多云,西北风4级
2020-01-28 周二,15°,8°,阴~多云,东北风3级
2020-01-29 周三,16°,9°,多云~晴,东北风3级
2020-01-30 周四,19°,6°,晴,东北风3级
2020-01-31 周五,20°,8°,多云~晴,东北风2级
2020-02-01 周六,20°,12°,多云,东北风2级
2020-02-02 周日,18°,14°,阴,东南风2级
2020-02-03 周一,16°,11°,阴~小雨,东北风2级
2020-02-04 周二,16°,13°,阴,东北风2级
2020-02-05 周三,17°,14°,阴,东北风1级
2020-02-06 周四,19°,14°,阴~小雨,东南风2级
2020-02-07 周五,18°,11°,小雨~多云,东北风2级
2020-02-08 周六,18°,10°,阴~多云,东北风3级
2020-02-09 周日,17°,12°,多云,东北风3级
2020-02-10 周一,16°,14°,多云~小雨,东北风2级
2020-02-11 周二,18°,16°,阴,东南风1级
2020-02-12 周三,21°,17°,阴~中雨,东南风2级
2020-02-13 周四,23°,17°,中雨,东南风2级
2020-02-14 周五,22°,17°,小雨~中雨,东南风3级
2020-02-15 周六,20°,7°,大雨~小雨,东南风4级
2020-02-16 周日,10°,6°,阴~多云,西北风4级
2020-02-17 周一,16°,5°,多云~晴,东北风4级
2020-02-18 周二,19°,7°,晴~多云,东北风2级
2020-02-19 周三,21°,10°,多云,东南风1级
2020-02-20 周四,23°,14°,多云,东南风1级
2020-02-21 周五,25°,14°,多云,东南风1级
2020-02-22 周六,27°,15°,多云~晴,东北风2级
2020-02-23 周日,28°,16°,多云,东南风2级
2020-02-24 周一,25°,17°,阴,东南风3级
2020-02-25 周二,27°,18°,多云,东南风1级
2020-02-26 周三,29°,19°,阴~多云,东南风1级
2020-02-27 周四,26°,17°,阴~多云,东南风3级
2020-02-28 周五,23°,18°,阴~多云,东南风2级
2020-02-29 周六,27°,18°,阴~多云,东南风2级
2020-03-01 周日,28°,17°,阴~多云,东北风2级
2020-03-02 周一,22°,18°,阴~多云,东北风3级
2020-03-03 周二,22°,17°,阴~中雨,东南风3级
2020-03-04 周三,18°,13°,中雨~小雨,东北风3级
2020-03-05 周四,19°,16°,阴~阵雨,东北风2级
2020-03-06 周五,21°,19°,阴~阵雨,东南风2级
2020-03-07 周六,21°,20°,阴~阵雨,东南风3级
2020-03-08 周日,24°,21°,阴~小雨,东南风3级
2020-03-09 周一,24°,17°,小雨~阵雨,东南风3级
2020-03-10 周二,23°,15°,多云,东北风4级
2020-03-11 周三,19°,17°,多云~阵雨,东北风2级
2020-03-12 周四,21°,19°,阴,东南风3级
2020-03-13 周五,25°,17°,阴~小雨,东南风2级
2020-03-14 周六,25°,14°,阴~多云,东北风4级
2020-03-15 周日,23°,17°,多云,东北风2级
2020-03-16 周一,25°,19°,阴~多云,东南风2级
2020-03-17 周二,22°,18°,阴~小雨,东南风2级
2020-03-18 周三,21°,19°,中雨,东南风2级
2020-03-19 周四,20°,19°,大雨~阵雨,东南风2级
2020-03-20 周五,21°,20°,小雨~阴,东南风2级
2020-03-21 周六,25°,21°,阴~阵雨,东南风3级
2020-03-22 周日,29°,21°,雾~多云,东南风2级
2020-03-23 周一,29°,21°,阴~多云,东南风2级
2020-03-24 周二,28°,22°,阴~雷阵雨,东南风3级
2020-03-25 周三,28°,21°,阴~雷阵雨,东南风3级
2020-03-26 周四,27°,21°,小雨~雷阵雨,东南风3级
2020-03-27 周五,27°,16°,阴~大雨,东南风3级
2020-03-28 周六,21°,17°,阴~阵雨,东北风3级
2020-03-29 周日,19°,18°,阴~雷阵雨,东南风3级
2020-03-30 周一,14°,14°,小雨,东北风2级
2020-03-31 周二,15°,14°,小雨~阵雨,东北风2级
2020-04-01 周三,17°,16°,中雨~雷阵雨,东北风2级
2020-04-02 周四,19°,17°,阵雨~雷阵雨,东北风2级
2020-04-03 周五,23°,18°,雷阵雨~中雨,东北风2级
2020-04-04 周六,21°,17°,中雨,东北风3级
2020-04-05 周日,18°,15°,中雨~大雨,东北风2级
2020-04-06 周一,18°,16°,大雨~阵雨,东北风2级
2020-04-07 周二,21°,15°,阴~多云,东北风2级
2020-04-08 周三,25°,18°,阴~多云,西南风2级
2020-04-09 周四,28°,17°,多云,东南风1级
2020-04-10 周五,27°,18°,多云,东南风3级
2020-04-11 周六,24°,15°,阴~阵雨,西南风3级
2020-04-12 周日,23°,12°,小雨~晴,东北风4级
2020-04-13 周一,24°,15°,多云,东北风3级
2020-04-14 周二,22°,14°,阴~多云,西南风1级
2020-04-15 周三,27°,16°,阴~多云,西南风2级
2020-04-16 周四,28°,18°,阴~多云,东南风3级
2020-04-17 周五,28°,20°,阴~多云,东南风2级
2020-04-18 周六,27°,22°,阴~多云,东南风3级
2020-04-19 周日,30°,22°,多云,东南风2级
2020-04-20 周一,31°,23°,阴~多云,南风3级
2020-04-21 周二,29°,20°,阴~雷阵雨,东南风3级
2020-04-22 周三,20°,17°,中雨~小雨,东北风2级
2020-04-23 周四,19°,14°,小雨,东北风3级
2020-04-24 周五,18°,15°,小雨~阵雨,东北风3级
2020-04-25 周六,24°,17°,阴~阵雨,西北风2级
2020-04-26 周日,27°,18°,阴~多云,西北风2级
2020-04-27 周一,30°,18°,阴~晴,东北风2级
2020-04-28 周二,31°,21°,多云,东南风2级
2020-04-29 周三,30°,21°,多云,东南风2级
2020-04-30 周四,31°,22°,多云,东南风2级
2020-05-01 周五,30°,23°,多云,南风3级
2020-05-02 周六,31°,23°,多云~晴,南风3级
2020-05-03 周日,34°,24°,多云~晴,西南风2级
2020-05-04 周一,34°,26°,多云~晴,西南风3级
2020-05-05 周二,34°,26°,多云~晴,西南风3级
2020-05-06 周三,34°,27°,多云,南风3级
2020-05-07 周四,32°,27°,多云,南风3级
2020-05-08 周五,32°,28°,阴~多云,南风3级
2020-05-09 周六,32°,27°,阴~多云,南风3级
2020-05-10 周日,32°,25°,大雨~雷阵雨,西南风2级
2020-05-11 周一,32°,24°,小雨~中雨,东北风2级
2020-05-12 周二,30°,25°,阴~多云,东北风2级
2020-05-13 周三,31°,25°,小雨~多云,东南风3级
2020-05-14 周四,30°,25°,小雨~雷阵雨,东南风3级
2020-05-15 周五,32°,26°,小雨~雷阵雨,东南风3级
2020-05-16 周六,32°,26°,阴~雷阵雨,南风2级
2020-05-17 周日,32°,23°,阴~大雨,西南风2级
2020-05-18 周一,30°,23°,阴~雷阵雨,西南风2级
2020-05-19 周二,32°,24°,阴~雷阵雨,东南风2级
2020-05-20 周三,30°,24°,小雨~大雨,东南风3级
2020-05-21 周四,30°,24°,小雨~大雨,南风3级
2020-05-22 周五,28°,24°,中雨~阵雨,西北风3级
2020-05-23 周六,29°,25°,小雨~多云,东北风2级
2020-05-24 周日,29°,24°,阴~阵雨,东南风2级
2020-05-25 周一,29°,24°,小雨~大雨,东南风3级
2020-05-26 周二,33°,26°,小雨~多云,西北风2级
2020-05-27 周三,27°,26°,小雨~雷阵雨,东北风2级
2020-05-28 周四,30°,25°,阴~雷阵雨,东北风2级
2020-05-29 周五,31°,26°,中雨,东南风3级
2020-05-30 周六,30°,26°,中雨~雷阵雨,南风3级
2020-05-31 周日,31°,25°,大雨~中雨,南风2级
2020-06-01 周一,31°,25°,中雨~雷阵雨,南风2级
2020-06-02 周二,28°,25°,小雨~雷阵雨,南风3级
2020-06-03 周三,31°,26°,大雨~雷阵雨,西南风3级
2020-06-04 周四,32°,25°,中雨~雷阵雨,西南风3级
2020-06-05 周五,33°,24°,阴~暴雨,西南风3级
2020-06-06 周六,28°,25°,中雨~暴雨,西南风3级
2020-06-07 周日,26°,25°,中雨~暴雨,东南风3级
2020-06-08 周一,27°,25°,中雨~大雨,东南风3级
2020-06-09 周二,29°,26°,中雨~雷阵雨,南风3级
2020-06-10 周三,33°,25°,中雨~雷阵雨,西南风2级
2020-06-11 周四,34°,26°,阴~多云,南风3级
2020-06-12 周五,33°,26°,多云,东南风3级
2020-06-13 周六,32°,25°,阴~雷阵雨,东风3级
2020-06-14 周日,30°,25°,小雨~中雨,东南风4级
2020-06-15 周一,32°,26°,中雨~雷阵雨,南风3级
2020-06-16 周二,33°,26°,小雨~雷阵雨,南风3级
2020-06-17 周三,32°,26°,中雨~多云,西南风3级
2020-06-18 周四,32°,26°,多云,西南风3级
2020-06-19 周五,34°,27°,阴~多云,西南风3级
2020-06-20 周六,34°,27°,多云,西南风3级
2020-06-21 周日,34°,28°,阴~多云,西南风3级
2020-06-22 周一,34°,28°,阴~多云,西南风3级
2020-06-23 周二,34°,27°,多云,西南风3级
2020-06-24 周三,34°,27°,阴~雷阵雨,西南风3级
2020-06-25 周四,32°,26°,中雨~雷阵雨,西南风3级
2020-06-26 周五,34°,26°,阴~雷阵雨,南风4级
2020-06-27 周六,34°,27°,多云,南风3级
2020-06-28 周日,35°,28°,阴~多云,南风3级
2020-06-29 周一,34°,28°,阴~多云,南风3级
2020-06-30 周二,35°,28°,阴~雷阵雨,东南风3级
2020-07-01 周三,34°,26°,阴~雷阵雨,东南风3级
2020-07-02 周四,33°,26°,中雨,东南风3级
2020-07-03 周五,31°,26°,中雨~雷阵雨,东南风3级
2020-07-04 周六,29°,26°,小雨~雷阵雨,东南风3级
2020-07-05 周日,34°,26°,阴~多云,南风3级
2020-07-06 周一,34°,27°,阴~晴,西南风3级
2020-07-07 周二,34°,28°,阴~多云,西南风3级
2020-07-08 周三,33°,27°,阴~雷阵雨,西南风3级
2020-07-09 周四,34°,28°,阴~多云,西南风4级
2020-07-10 周五,33°,28°,阴~多云,南风4级
2020-07-11 周六,34°,28°,阴~晴,南风4级
2020-07-12 周日,35°,28°,阴~晴,南风3级
2020-07-13 周一,36°,28°,多云~晴,南风2级
2020-07-14 周二,37°,28°,晴~多云,西南风2级
2020-07-15 周三,36°,28°,多云,西南风3级
2020-07-16 周四,36°,29°,多云,西南风3级
2020-07-17 周五,35°,29°,多云~晴,西南风3级
2020-07-18 周六,35°,29°,阴~晴,西南风3级
2020-07-19 周日,35°,29°,阴~晴,西南风3级
2020-07-20 周一,34°,28°,多云~晴,南风3级
2020-07-21 周二,35°,28°,小雨~晴,东南风3级
2020-07-22 周三,34°,28°,小雨~晴,东南风3级
2020-07-23 周四,36°,28°,多云~晴,东南风3级
2020-07-24 周五,35°,28°,多云~晴,西南风2级
2020-07-25 周六,36°,29°,阴~晴,西南风2级
2020-07-26 周日,36°,29°,阴~晴,南风3级
2020-07-27 周一,36°,28°,多云~雷阵雨,西南风3级
2020-07-28 周二,36°,28°,中雨~雷阵雨,南风3级
2020-07-29 周三,37°,28°,阴~雷阵雨,南风2级
2020-07-30 周四,35°,26°,多云~中雨,东南风2级
2020-07-31 周五,31°,26°,中雨~雷阵雨,东风3级
2020-08-01 周六,31°,26°,中雨~暴雨,东风4级
2020-08-02 周日,31°,25°,小雨~中雨,东南风3级
2020-08-03 周一,31°,26°,阴~阵雨,东南风3级
2020-08-04 周二,32°,25°,阴~暴雨,东南风2级
2020-08-05 周三,28°,25°,大雨~中雨,东南风3级
2020-08-06 周四,34°,26°,多云~晴,东南风3级
2020-08-07 周五,34°,27°,多云~晴,东南风3级
2020-08-08 周六,35°,27°,多云~晴,东南风2级
2020-08-09 周日,35°,28°,多云,南风3级
2020-08-10 周一,35°,28°,阴~多云,南风3级
2020-08-11 周二,34°,27°,小雨~雷阵雨,南风3级
2020-08-12 周三,32°,25°,中雨,东南风3级
2020-08-13 周四,30°,26°,中雨~雷阵雨,东南风3级
2020-08-14 周五,33°,27°,小雨~雷阵雨,东南风3级
2020-08-15 周六,32°,27°,大雨~雷阵雨,东南风3级
2020-08-16 周日,34°,27°,阴~雷阵雨,东南风2级
2020-08-17 周一,32°,27°,阴~雷阵雨,东南风3级
2020-08-18 周二,33°,25°,阴~大雨,东北风2级
2020-08-19 周三,27°,26°,暴雨~中雨,东南风4级
2020-08-20 周四,34°,26°,小雨~雷阵雨,东南风2级
2020-08-21 周五,34°,26°,多云,南风1级
2020-08-22 周六,34°,27°,小雨~多云,西南风2级
2020-08-23 周日,35°,26°,晴~多云,南风2级
2020-08-24 周一,35°,27°,小雨~多云,西南风2级
2020-08-25 周二,35°,26°,小雨~雷阵雨,西南风3级
2020-08-26 周三,35°,26°,阴~中雨,西南风2级
2020-08-27 周四,33°,25°,阴~多云,北风2级
2020-08-28 周五,35°,27°,多云~晴,东北风2级
2020-08-29 周六,34°,27°,晴,西北风2级
2020-08-30 周日,35°,28°,晴,东北风2级
2020-08-31 周一,33°,27°,阴~多云,北风2级
2020-09-01 周二,35°,27°,多云,东北风2级
2020-09-02 周三,35°,27°,多云,北风2级
2020-09-03 周四,36°,27°,多云,东北风2级
2020-09-04 周五,34°,27°,小雨~雷阵雨,东南风2级
2020-09-05 周六,31°,26°,小雨~雷阵雨,东南风2级
2020-09-06 周日,34°,26°,阴~雷阵雨,东南风2级
2020-09-07 周一,33°,26°,暴雨~雷阵雨,东南风3级
2020-09-08 周二,28°,25°,中雨~雷阵雨,东南风2级
2020-09-09 周三,31°,26°,阴~雷阵雨,东南风1级
2020-09-10 周四,34°,26°,小雨~雷阵雨,西南风2级
2020-09-11 周五,33°,25°,小雨~中雨,西南风2级
2020-09-12 周六,33°,26°,阴~雷阵雨,东北风2级
2020-09-13 周日,32°,26°,阴~雷阵雨,东北风2级
2020-09-14 周一,32°,26°,中雨~雷阵雨,东风2级
2020-09-15 周二,30°,25°,中雨~雷阵雨,东南风3级
2020-09-16 周三,33°,26°,阴~多云,东南风3级
2020-09-17 周四,33°,26°,阴~中雨,东风3级
2020-09-18 周五,31°,25°,暴雨~大雨,东北风3级
2020-09-19 周六,31°,26°,大雨~雷阵雨,东南风3级
2020-09-20 周日,33°,26°,阴~雷阵雨,东南风2级
2020-09-21 周一,32°,27°,多云~雷阵雨,东南风2级
2020-09-22 周二,33°,26°,阴~多云,东南风3级
2020-09-23 周三,31°,25°,中雨~雷阵雨,东南风2级
2020-09-24 周四,29°,24°,阴~多云,东北风3级
2020-09-25 周五,30°,24°,阴~多云,东北风2级
2020-09-26 周六,28°,24°,小雨~中雨,东风2级
2020-09-27 周日,26°,23°,阴~阵雨,东北风2级
2020-09-28 周一,28°,24°,阴~阵雨,东北风2级
2020-09-29 周二,32°,24°,阴~雷阵雨,东风2级
2020-09-30 周三,31°,23°,小雨~阵雨,东北风2级
2020-10-01 周四,29°,23°,小雨~多云,东北风2级
2020-10-02 周五,33°,23°,阴~多云,东南风2级
2020-10-03 周六,33°,24°,多云,东南风2级
2020-10-04 周日,33°,23°,阴~阵雨,西风2级
2020-10-05 周一,28°,21°,多云,东北风3级
2020-10-06 周二,25°,21°,阴~多云,东北风3级
2020-10-07 周三,25°,21°,阴~多云,东北风3级
2020-10-08 周四,24°,21°,阴~多云,东北风3级
2020-10-09 周五,26°,21°,多云,东北风3级
2020-10-10 周六,29°,21°,多云,东北风3级
2020-10-11 周日,31°,21°,晴~多云,东北风3级
2020-10-12 周一,31°,22°,多云,东北风3级
2020-10-13 周二,27°,22°,阴~大雨,东北风4级
2020-10-14 周三,27°,23°,阴,东北风3级
2020-10-15 周四,30°,23°,阴~多云,东北风3级
2020-10-16 周五,30°,21°,多云,东北风3级
2020-10-17 周六,26°,21°,多云,东北风4级
2020-10-18 周日,27°,20°,阴~多云,东北风3级
2020-10-19 周一,26°,19°,多云,东北风4级
2020-10-20 周二,27°,19°,晴,北风3级
2020-10-21 周三,25°,19°,多云,北风4级
2020-10-22 周四,26°,19°,多云,北风4级
2020-10-23 周五,26°,17°,多云,东北风4级
2020-10-24 周六,26°,18°,阴~多云,东北风3级
2020-10-25 周日,28°,20°,阴~多云,东北风2级
2020-10-26 周一,31°,19°,阴~晴,东北风2级
2020-10-27 周二,31°,19°,多云,东北风2级
2020-10-28 周三,27°,19°,阴~阵雨,东北风2级
2020-10-29 周四,22°,19°,小雨~多云,东北风3级
2020-10-30 周五,24°,20°,阴~多云,东北风2级
2020-10-31 周六,27°,19°,多云~晴,东北风2级
2020-11-01 周日,29°,20°,多云,东北风2级
2020-11-02 周一,27°,19°,阴~多云,东北风3级
2020-11-03 周二,25°,19°,多云~晴,东北风3级
2020-11-04 周三,24°,19°,晴~多云,东北风3级
2020-11-05 周四,27°,20°,晴~多云,东北风2级
2020-11-06 周五,30°,21°,晴~多云,北风2级
2020-11-07 周六,29°,20°,晴~多云,北风4级
2020-11-08 周日,29°,20°,多云~晴,东北风4级
2020-11-09 周一,27°,18°,多云~晴,东北风3级
2020-11-10 周二,26°,18°,多云~晴,东北风3级
2020-11-11 周三,27°,15°,晴,东北风3级
2020-11-12 周四,28°,16°,晴,东北风3级
2020-11-13 周五,27°,19°,晴~阴,东北风3级
2020-11-14 周六,22°,21°,阴,东北风3级
2020-11-15 周日,23°,19°,小雨~多云,东北风2级
2020-11-16 周一,30°,20°,多云,东北风2级
2020-11-17 周二,26°,22°,多云,东南风2级
2020-11-18 周三,30°,23°,阴~多云,东南风2级
2020-11-19 周四,31°,23°,阴~多云,南风2级
2020-11-20 周五,30°,22°,晴~小雨,东南风2级
2020-11-21 周六,27°,21°,阴~小雨,东南风2级
2020-11-22 周日,30°,20°,阴~多云,东北风2级
2020-11-23 周一,23°,18°,阴~多云,东北风3级
2020-11-24 周二,26°,19°,阴~晴,东北风2级
2020-11-25 周三,28°,19°,晴,东北风2级
2020-11-26 周四,28°,16°,多云~晴,东北风2级
2020-11-27 周五,24°,14°,晴,北风4级
2020-11-28 周六,23°,13°,多云,北风4级
2020-11-29 周日,20°,14°,晴~多云,东北风3级
2020-11-30 周一,21°,13°,多云~晴,北风3级
2020-12-01 周二,22°,14°,晴,北风3级
2020-12-02 周三,22°,13°,晴~多云,北风3级
2020-12-03 周四,19°,12°,晴,东北风4级
2020-12-04 周五,17°,10°,多云~晴,北风4级
2020-12-05 周六,19°,11°,晴,北风3级
2020-12-06 周日,21°,12°,晴,北风2级
2020-12-07 周一,22°,11°,多云~晴,北风3级
2020-12-08 周二,22°,12°,晴~多云,北风3级
2020-12-09 周三,21°,14°,多云,东北风2级
2020-12-10 周四,23°,18°,阴~多云,北风2级
2020-12-11 周五,24°,18°,多云,北风2级
2020-12-12 周六,23°,18°,阴~多云,北风2级
2020-12-13 周日,22°,12°,阴~小雨,东风1级
2020-12-14 周一,15°,9°,小雨,东北风3级
2020-12-15 周二,11°,8°,阴~多云,北风3级
2020-12-16 周三,13°,10°,阴~多云,北风3级
2020-12-17 周四,11°,9°,阴~多云,北风3级
2020-12-18 周五,17°,9°,多云,北风3级
2020-12-19 周六,14°,9°,阴~多云,北风4级
2020-12-20 周日,16°,10°,多云,北风4级
2020-12-21 周一,18°,10°,多云,北风3级
2020-12-22 周二,19°,13°,多云~小雨,北风2级
2020-12-23 周三,23°,14°,阴~多云,北风2级
2020-12-24 周四,20°,11°,多云,北风3级
2020-12-25 周五,16°,15°,阴~多云,东北风2级
2020-12-26 周六,22°,16°,多云,东南风2级
2020-12-27 周日,26°,16°,多云~晴,西北风1级
2020-12-28 周一,27°,16°,晴~多云,东南风2级
2020-12-29 周二,27°,9°,多云,西北风2级
2020-12-30 周三,14°,5°,晴,北风5级
2020-12-31 周四,13°,3°,晴,东北风4级
2021-01-01 周五,15°,5°,晴,东北风3级
2021-01-02 周六,19°,7°,晴,东北风2级
2021-01-03 周日,20°,10°,晴~多云,东北风2级
2021-01-04 周一,21°,15°,阴~多云,北风2级
2021-01-05 周二,23°,11°,阴~多云,北风3级
2021-01-06 周三,20°,8°,多云~阴,北风3级
2021-01-07 周四,13°,5°,阴~多云,东北风4级
2021-01-08 周五,7°,5°,阴~多云,东北风4级
2021-01-09 周六,11°,7°,多云,东北风3级
2021-01-10 周日,12°,7°,阴,东北风3级
2021-01-11 周一,7°,4°,小雨~晴,北风4级
2021-01-12 周二,16°,4°,晴,北风3级
2021-01-13 周三,19°,7°,多云,东北风2级
2021-01-14 周四,21°,7°,晴,东南风1级
2021-01-15 周五,22°,11°,多云,东南风1级
2021-01-16 周六,22°,8°,多云~阴,东北风1级
2021-01-17 周日,18°,6°,阴~晴,北风4级
2021-01-18 周一,20°,6°,晴,北风微风
2021-01-19 周二,21°,12°,晴~多云,东风2级
2021-01-20 周三,22°,15°,阴~多云,东北风1级
2021-01-21 周四,22°,16°,阴,西北风微风
2021-01-22 周五,23°,15°,小雨~晴,北风微风
2021-01-23 周六,25°,14°,晴~多云,北风2级
2021-01-24 周日,23°,14°,多云,东南风微风
2021-01-25 周一,26°,14°,阴~多云,东南风2级
2021-01-26 周二,25°,13°,多云,北风2级
2021-01-27 周三,24°,14°,多云,东北风2级
2021-01-28 周四,20°,11°,多云~晴,北风3级
2021-01-29 周五,21°,10°,晴,东北风2级
2021-01-30 周六,23°,12°,晴,东南风2级
2021-01-31 周日,25°,14°,晴~多云,东南风2级
2021-02-01 周一,27°,15°,多云,东南风2级
2021-02-02 周二,26°,15°,晴,东南风2级
2021-02-03 周三,25°,13°,晴,东南风2级
2021-02-04 周四,27°,14°,晴,东南风2级
2021-02-05 周五,27°,15°,晴,东南风2级
2021-02-06 周六,28°,15°,晴,东南风微风
2021-02-07 周日,28°,16°,晴,东南风2级
2021-02-08 周一,27°,15°,多云~小雨,东风2级
2021-02-09 周二,21°,13°,小雨~大雨,东北风微风
2021-02-10 周三,15°,13°,大雨~多云,北风3级
2021-02-11 周四,19°,12°,多云,北风3级
2021-02-12 周五,23°,14°,多云,北风微风
2021-02-13 周六,25°,13°,多云,北风2级
2021-02-14 周日,26°,14°,晴,西北风微风
2021-02-15 周一,28°,15°,晴,东南风2级
2021-02-16 周二,26°,14°,多云,东南风2级
2021-02-17 周三,24°,13°,多云~晴,东北风微风
2021-02-18 周四,24°,11°,晴,东北风3级
2021-02-19 周五,25°,13°,晴,东北风微风
2021-02-20 周六,26°,15°,晴,南风2级
2021-02-21 周日,26°,16°,多云~晴,东南风微风
2021-02-22 周一,27°,17°,多云,东南风2级
2021-02-23 周二,29°,18°,多云~晴,东南风2级
2021-02-24 周三,25°,19°,晴~小雨,东南风3级
2021-02-25 周四,24°,16°,阴~小雨,东南风3级
2021-02-26 周五,22°,14°,小雨,北风3级
2021-02-27 周六,17°,15°,阴~多云,东北风3级
2021-02-28 周日,21°,17°,阴~多云,东南风2级
2021-03-01 周一,25°,14°,阴~小雨,东南风2级
2021-03-02 周二,20°,15°,多云,北风微风
2021-03-03 周三,20°,17°,阴,东北风2级
2021-03-04 周四,19°,13°,小雨~阵雨,东北风2级
2021-03-05 周五,21°,17°,小雨,东南风2级
2021-03-06 周六,22°,15°,大雨~阵雨,东南风2级
2021-03-07 周日,23°,16°,阴~多云,东北风3级
2021-03-08 周一,20°,17°,阴~多云,东北风2级
2021-03-09 周二,24°,18°,阴~多云,东北风1级
2021-03-10 周三,25°,18°,多云~小雨,东风2级
2021-03-11 周四,26°,19°,阴~多云,东南风2级
2021-03-12 周五,29°,19°,阴~多云,北风2级
2021-03-13 周六,25°,20°,阴~多云,东风2级
2021-03-14 周日,26°,19°,阴~多云,东南风2级
2021-03-15 周一,28°,20°,多云,东南风3级
2021-03-16 周二,28°,20°,阴~多云,南风2级
2021-03-17 周三,29°,21°,多云,东南风微风
2021-03-18 周四,29°,22°,阴~多云,东南风3级
2021-03-19 周五,29°,23°,多云,东南风3级
2021-03-20 周六,30°,18°,多云~阴,东南风微风
2021-03-21 周日,18°,13°,小雨~阴,北风4级
2021-03-22 周一,20°,13°,阴,东北风3级
2021-03-23 周二,18°,16°,阴~多云,东北风2级
2021-03-24 周三,23°,16°,阴~多云,西北风微风
2021-03-25 周四,28°,17°,多云,东南风2级
2021-03-26 周五,27°,19°,多云,东南风3级
2021-03-27 周六,28°,21°,多云,东南风微风
2021-03-28 周日,30°,22°,阴~多云,南风2级
2021-03-29 周一,29°,23°,阴~多云,南风3级
2021-03-30 周二,31°,25°,阴~多云,南风3级
2021-03-31 周三,28°,24°,阴~多云,东南风3级
2021-04-01 周四,31°,24°,多云,东南风3级
2021-04-02 周五,31°,23°,多云,东南风3级
2021-04-03 周六,32°,23°,多云,东南风2级
2021-04-04 周日,24°,21°,阴,北风3级
2021-04-05 周一,24°,19°,阴~多云,东北风2级
2021-04-06 周二,30°,21°,阴~多云,东南风2级
2021-04-07 周三,27°,20°,阴~中雨,东南风3级
2021-04-08 周四,22°,17°,小雨,东风3级
2021-04-09 周五,22°,18°,阴,东北风2级
2021-04-10 周六,26°,19°,阴~多云,东南风2级
2021-04-11 周日,29°,19°,阴~多云,东南风微风
2021-04-12 周一,30°,20°,多云,南风3级
2021-04-13 周二,31°,21°,阴~多云,东南风微风
2021-04-14 周三,31°,22°,阴~多云,东南风3级
2021-04-15 周四,26°,21°,阴~大雨,东南风3级
2021-04-16 周五,23°,20°,小雨,东南风2级
2021-04-17 周六,25°,20°,阴~阵雨,东北风2级
2021-04-18 周日,27°,19°,阴~阵雨,东南风2级
2021-04-19 周一,24°,19°,阴~阵雨,东南风微风
2021-04-20 周二,25°,20°,阴~多云,东南风2级
2021-04-21 周三,31°,21°,晴~多云,东南风2级
2021-04-22 周四,31°,21°,多云~晴,西南风2级
2021-04-23 周五,34°,21°,阴~多云,南风2级
2021-04-24 周六,27°,23°,阴,东南风微风
2021-04-25 周日,27°,22°,小雨,东南风微风
2021-04-26 周一,24°,21°,小雨~中雨,东北风2级
2021-04-27 周二,22°,20°,小雨~大雨,东风2级
2021-04-28 周三,22°,19°,中雨~阵雨,北风2级
2021-04-29 周四,23°,18°,多云,北风3级
2021-04-30 周五,32°,19°,多云,东南风微风
2021-05-01 周六,32°,22°,多云,西南风2级
2021-05-02 周日,32°,23°,小雨~阵雨,东南风2级
2021-05-03 周一,25°,22°,小雨~多云,东南风3级
2021-05-04 周二,31°,20°,阴~中雨,南风3级
2021-05-05 周三,30°,22°,阴~多云,北风微风
2021-05-06 周四,30°,23°,阴~雷阵雨,东南风3级
2021-05-07 周五,31°,23°,阴~多云,南风2级
2021-05-08 周六,34°,25°,阴~多云,西南风2级
2021-05-09 周日,35°,25°,阴~雷阵雨,西南风微风
2021-05-10 周一,34°,26°,阴~阵雨,南风3级
2021-05-11 周二,34°,26°,阴~雷阵雨,南风3级
2021-05-12 周三,34°,26°,阴~多云,西南风3级
2021-05-13 周四,33°,26°,中雨~多云,南风3级
2021-05-14 周五,33°,26°,中雨~晴,南风3级
2021-05-15 周六,34°,27°,阴~多云,南风微风
2021-05-16 周日,35°,26°,阴~雷阵雨,南风3级
2021-05-17 周一,33°,25°,阴~大雨,西南风3级
2021-05-18 周二,33°,26°,小雨~阵雨,西南风2级
2021-05-19 周三,34°,26°,阴~多云,南风3级
2021-05-20 周四,35°,28°,阴~晴,西南风3级
2021-05-21 周五,36°,28°,阴~晴,西南风3级
2021-05-22 周六,35°,28°,多云~晴,南风3级
2021-05-23 周日,35°,26°,阴~多云,东南风3级
2021-05-24 周一,30°,26°,暴雨~雷阵雨,东北风2级
2021-05-25 周二,33°,26°,阴~阵雨,东南风2级
2021-05-26 周三,30°,27°,中雨~雷阵雨,南风微风
2021-05-27 周四,34°,26°,雷阵雨,西南风3级
2021-05-28 周五,35°,26°,阴~雷阵雨,西南风3级
2021-05-29 周六,33°,26°,中雨~大雨,西南风3级
2021-05-30 周日,34°,25°,大雨,西南风2级
2021-05-31 周一,32°,25°,大雨,西南风2级
2021-06-01 周二,30°,25°,大雨~中雨,东南风2级
2021-06-02 周三,29°,25°,大雨~中雨,东南风2级
2021-06-03 周四,33°,25°,阴~大雨,东南风2级
2021-06-04 周五,26°,23°,大雨~阴,西北风3级
2021-06-05 周六,30°,23°,阴~多云,西北风2级
2021-06-06 周日,34°,24°,多云~雷阵雨,东北风2级
2021-06-07 周一,32°,25°,阴~雷阵雨,东南风2级
2021-06-08 周二,34°,25°,阴~雷阵雨,东南风2级
2021-06-09 周三,33°,25°,阴~雷阵雨,东南风2级
2021-06-10 周四,32°,25°,阴~雷阵雨,东南风2级
2021-06-11 周五,32°,26°,阴~雷阵雨,东风3级
2021-06-12 周六,31°,25°,阴~中雨,东南风3级
2021-06-13 周日,32°,26°,大雨~雷阵雨,东南风3级
2021-06-14 周一,30°,26°,阴~多云,东南风3级
2021-06-15 周二,33°,26°,阴~雷阵雨,南风2级
2021-06-16 周三,34°,27°,阴~多云,南风3级
2021-06-17 周四,34°,27°,阴~多云,南风2级
2021-06-18 周五,35°,27°,阴~多云,西南风3级
2021-06-19 周六,35°,28°,阴~多云,西南风3级
2021-06-20 周日,36°,28°,阴~多云,西南风3级
2021-06-21 周一,35°,25°,阴~大雨,西南风2级
2021-06-22 周二,28°,24°,小雨~大雨,西风1级
2021-06-23 周三,29°,24°,大雨,东南风2级
2021-06-24 周四,30°,25°,阴~雷阵雨,东南风1级
2021-06-25 周五,32°,26°,阴~雷阵雨,东南风2级
2021-06-26 周六,33°,26°,阴~多云,南风2级
2021-06-27 周日,35°,26°,中雨~雷阵雨,西南风3级
2021-06-28 周一,30°,26°,阴~雷阵雨,南风3级
2021-06-29 周二,32°,26°,阴~雷阵雨,南风2级
2021-06-30 周三,33°,27°,阴~雷阵雨,南风3级
2021-07-01 周四,34°,28°,阴~雷阵雨,西南风3级
2021-07-02 周五,34°,28°,阴~雷阵雨,南风3级
2021-07-03 周六,33°,28°,阴~多云,东南风3级
2021-07-04 周日,35°,27°,阴~多云,东南风3级
2021-07-05 周一,34°,26°,阴~雷阵雨,东南风2级
2021-07-06 周二,33°,25°,多云~中雨,东南风3级
2021-07-07 周三,32°,26°,小雨~雷阵雨,东南风3级
2021-07-08 周四,33°,27°,多云,东南风3级
2021-07-09 周五,35°,26°,多云,南风2级
2021-07-10 周六,35°,26°,阴~晴,东南风3级
2021-07-11 周日,35°,26°,多云,东南风3级
2021-07-12 周一,34°,26°,多云~晴,东南风3级
2021-07-13 周二,35°,26°,阴~多云,南风3级
2021-07-14 周三,36°,26°,阴~多云,南风3级
2021-07-15 周四,34°,26°,阴~多云,东南风3级
2021-07-16 周五,35°,25°,阴~雷阵雨,南风2级
2021-07-17 周六,34°,25°,阴~雷阵雨,东南风2级
2021-07-18 周日,34°,24°,阴~雷阵雨,东南风2级
2021-07-19 周一,30°,24°,阴~中雨,东北风2级
2021-07-20 周二,28°,24°,小雨~中雨,东北风3级
2021-07-21 周三,27°,25°,阴~雷阵雨,东南风3级
2021-07-22 周四,35°,25°,阴~多云,东南风2级
2021-07-23 周五,37°,25°,多云~晴,西北风2级
2021-07-24 周六,36°,26°,晴~雷阵雨,北风2级
2021-07-25 周日,36°,26°,多云,东北风2级
2021-07-26 周一,35°,26°,多云,西南风2级
2021-07-27 周二,37°,27°,多云,西风2级
2021-07-28 周三,38°,26°,阴~中雨,西南风2级
2021-07-29 周四,36°,26°,小雨~中雨,东南风2级
2021-07-30 周五,32°,25°,阴~雷阵雨,南风2级
2021-07-31 周六,33°,26°,阴~多云,西南风2级
2021-08-01 周日,36°,27°,阴~多云,西南风2级
2021-08-02 周一,34°,27°,阴~多云,西南风2级
2021-08-03 周二,34°,27°,阴~中雨,东北风2级
2021-08-04 周三,32°,26°,阴~中雨,北风3级
2021-08-05 周四,30°,26°,阴~中雨,西风2级
2021-08-06 周五,32°,26°,大雨~雷阵雨,西南风2级
2021-08-07 周六,35°,26°,阴~雷阵雨,西南风2级
2021-08-08 周日,32°,26°,阴~雷阵雨,南风2级
2021-08-09 周一,29°,26°,阴~中雨,东南风2级
2021-08-10 周二,31°,25°,小雨~中雨,东南风3级
2021-08-11 周三,33°,25°,暴雨~雷阵雨,东南风2级
2021-08-12 周四,34°,26°,阴~雷阵雨,东南风2级
2021-08-13 周五,33°,25°,阴~中雨,南风2级
2021-08-14 周六,31°,25°,阴~中雨,南风2级
2021-08-15 周日,31°,26°,阴~雷阵雨,东南风2级
2021-08-16 周一,34°,26°,阴~多云,东南风2级
2021-08-17 周二,34°,26°,多云~雷阵雨,西南风2级
2021-08-18 周三,31°,26°,阴~雷阵雨,西南风2级
2021-08-19 周四,33°,26°,阴~多云,东南风2级
2021-08-20 周五,34°,26°,多云,西南风2级
2021-08-21 周六,35°,27°,多云~晴,西南风2级
2021-08-22 周日,35°,27°,多云,南风3级
2021-08-23 周一,35°,27°,多云,南风3级
2021-08-24 周二,34°,26°,阴~多云,东南风3级
2021-08-25 周三,34°,26°,中雨~多云,东南风3级
2021-08-26 周四,35°,26°,阴~雷阵雨,东南风2级
2021-08-27 周五,33°,26°,阴~雷阵雨,东南风2级
2021-08-28 周六,33°,25°,阴~雷阵雨,东南风2级
2021-08-29 周日,33°,25°,阴~多云,东南风2级
2021-08-30 周一,34°,25°,多云~雷阵雨,东南风2级
2021-08-31 周二,30°,24°,多云~雷阵雨,东南风2级
2021-09-01 周三,31°,25°,多云,东风2级
2021-09-02 周四,33°,25°,多云,东南风2级
2021-09-03 周五,34°,26°,多云,东南风2级
2021-09-04 周六,35°,26°,多云~雷阵雨,东南风2级
2021-09-05 周日,35°,26°,多云,东南风2级
2021-09-06 周一,35°,25°,多云~雷阵雨,东南风2级
2021-09-07 周二,35°,25°,多云~雷阵雨,东风2级
2021-09-08 周三,34°,25°,多云,东风2级
2021-09-09 周四,36°,26°,多云,东风2级
2021-09-10 周五,35°,27°,多云~晴,东南风2级
2021-09-11 周六,36°,27°,多云~晴,西北风2级
2021-09-12 周日,36°,27°,多云~晴,西北风2级
2021-09-13 周一,36°,26°,多云~雷阵雨,东风2级
2021-09-14 周二,35°,26°,多云~雷阵雨,东南风2级
2021-09-15 周三,34°,25°,多云~雷阵雨,西北风2级
2021-09-16 周四,35°,25°,多云~雷阵雨,西北风2级
2021-09-17 周五,34°,25°,多云,东北风1级
2021-09-18 周六,34°,25°,多云,东南风2级
2021-09-19 周日,35°,25°,多云,东南风2级
2021-09-20 周一,33°,25°,多云,东南风2级
2021-09-21 周二,35°,25°,多云,东南风1级
2021-09-22 周三,35°,25°,多云,东南风2级
2021-09-23 周四,32°,25°,多云,东南风3级
2021-09-24 周五,33°,25°,多云~晴,东南风3级
2021-09-25 周六,34°,25°,多云~晴,东南风2级
2021-09-26 周日,33°,25°,多云~晴,东南风1级
2021-09-27 周一,35°,24°,多云~晴,南风2级
2021-09-28 周二,34°,26°,多云,南风2级
2021-09-29 周三,35°,26°,多云,西南风2级
2021-09-30 周四,35°,25°,多云,西南风2级
2021-10-01 周五,34°,25°,小雨~雷阵雨,南风2级
2021-10-02 周六,34°,25°,多云~雷阵雨,东南风2级
2021-10-03 周日,34°,25°,阴~多云,东南风2级
2021-10-04 周一,34°,24°,晴,东南风2级
2021-10-05 周二,34°,24°,晴,东风2级
2021-10-06 周三,35°,24°,晴,东风2级
2021-10-07 周四,34°,25°,多云,东北风3级
2021-10-08 周五,25°,23°,中雨~暴雨,东北风3级
2021-10-09 周六,26°,23°,中雨,东北风4级
2021-10-10 周日,28°,23°,小雨~多云,东北风2级
2021-10-11 周一,29°,22°,多云,北风4级
2021-10-12 周二,25°,20°,多云~中雨,北风5级
2021-10-13 周三,25°,20°,中雨~小雨,东北风4级
2021-10-14 周四,30°,23°,多云,东北风3级
2021-10-15 周五,24°,21°,阴~阵雨,北风3级
2021-10-16 周六,25°,18°,多云,北风4级
2021-10-17 周日,24°,16°,多云~晴,北风4级
2021-10-18 周一,27°,18°,多云,东北风2级
2021-10-19 周二,30°,19°,多云,东风1级
2021-10-20 周三,31°,17°,多云~小雨,东南风2级
2021-10-21 周四,20°,15°,多云~小雨,北风3级
2021-10-22 周五,18°,14°,多云~阴,北风4级
2021-10-23 周六,18°,15°,多云,北风3级
2021-10-24 周日,25°,16°,多云,北风3级
2021-10-25 周一,25°,18°,晴~多云,东北风3级
2021-10-26 周二,29°,19°,多云,北风2级
2021-10-27 周三,29°,19°,多云,东北风2级
2021-10-28 周四,29°,19°,多云,北风2级
2021-10-29 周五,29°,21°,多云~小雨,东北风2级
2021-10-30 周六,19°,18°,小雨,东北风2级
2021-10-31 周日,25°,19°,阴~多云,东北风2级
2021-11-01 周一,26°,19°,多云,东北风2级
2021-11-02 周二,25°,20°,多云,东北风2级
2021-11-03 周三,26°,21°,多云,东北风2级
2021-11-04 周四,28°,21°,多云,东南风1级
2021-11-05 周五,30°,22°,多云,东南风2级
2021-11-06 周六,31°,20°,多云,东南风2级
2021-11-07 周日,30°,12°,多云~小雨,东南风2级
2021-11-08 周一,19°,10°,多云,北风4级
2021-11-09 周二,21°,12°,多云,北风3级
2021-11-10 周三,23°,11°,多云~晴,北风3级
2021-11-11 周四,26°,13°,多云~晴,东北风2级
2021-11-12 周五,24°,12°,多云~晴,东北风3级
2021-11-13 周六,24°,14°,多云,北风3级
2021-11-14 周日,25°,16°,多云,东北风2级
2021-11-15 周一,24°,16°,多云,东北风2级
2021-11-16 周二,25°,16°,多云,东北风2级
2021-11-17 周三,23°,14°,多云~小雨,北风3级
2021-11-18 周四,24°,16°,阴~多云,北风3级
2021-11-19 周五,24°,16°,多云,东北风1级
2021-11-20 周六,28°,18°,多云,东南风2级
2021-11-21 周日,27°,13°,多云~小雨,东南风2级
2021-11-22 周一,17°,11°,多云~晴,北风4级
2021-11-23 周二,16°,11°,多云,北风3级
2021-11-24 周三,22°,14°,晴~多云,北风2级
2021-11-25 周四,24°,12°,多云~晴,北风2级
2021-11-26 周五,25°,11°,多云~晴,北风3级
2021-11-27 周六,25°,13°,多云~晴,北风3级
2021-11-28 周日,25°,14°,多云~晴,北风3级
2021-11-29 周一,27°,13°,多云~晴,北风3级
2021-11-30 周二,22°,8°,多云~晴,北风4级
2021-12-01 周三,20°,7°,多云~晴,北风3级
2021-12-02 周四,21°,7°,多云~晴,北风3级
2021-12-03 周五,22°,7°,多云~晴,东北风3级
2021-12-04 周六,22°,7°,多云~晴,东北风2级
2021-12-05 周日,22°,8°,多云~晴,东北风2级
2021-12-06 周一,23°,9°,多云~晴,东北风3级
2021-12-07 周二,24°,10°,多云~晴,东北风2级
2021-12-08 周三,26°,11°,多云~晴,东北风2级
2021-12-09 周四,25°,12°,晴,东北风2级
2021-12-10 周五,25°,13°,晴~多云,东北风2级
2021-12-11 周六,27°,11°,多云~晴,东北风1级
2021-12-12 周日,26°,11°,晴,北风3级
2021-12-13 周一,22°,11°,多云~晴,北风3级
2021-12-14 周二,24°,15°,晴~多云,东北风2级
2021-12-15 周三,22°,17°,多云~小雨,东风1级
2021-12-16 周四,26°,17°,多云~小雨,东北风1级
2021-12-17 周五,21°,11°,多云~晴,北风4级
2021-12-18 周六,20°,10°,多云,东北风3级
2021-12-19 周日,18°,13°,多云~小雨,东北风3级
2021-12-20 周一,16°,12°,小雨,东北风2级
2021-12-21 周二,18°,12°,中雨~多云,北风3级
2021-12-22 周三,23°,14°,多云~小雨,北风2级
2021-12-23 周四,18°,14°,多云,东北风2级
2021-12-24 周五,23°,13°,多云,北风1级
2021-12-25 周六,21°,8°,晴~多云,东北风3级
2021-12-26 周日,13°,5°,小雨,东北风4级
2021-12-27 周一,10°,7°,多云~阴,东北风3级
2021-12-28 周二,13°,9°,多云,北风2级
2021-12-29 周三,15°,10°,多云,北风2级
2021-12-30 周四,19°,9°,多云~晴,北风3级
2021-12-31 周五,21°,12°,多云~晴,东北风2级
2022-01-01 周六,19°,10°,多云,东北风2级
2022-01-02 周日,23°,12°,多云,北风2级
2022-01-03 周一,25°,12°,多云,东风1级
2022-01-04 周二,25°,15°,晴~阴,东南风2级
2022-01-05 周三,24°,13°,多云,东北风1级
2022-01-06 周四,24°,11°,多云,东北风3级
2022-01-07 周五,22°,11°,晴~多云,东北风2级
2022-01-08 周六,22°,11°,晴~多云,东北风2级
2022-01-09 周日,18°,12°,多云,东北风2级
2022-01-10 周一,18°,11°,多云,东北风2级
2022-01-11 周二,17°,8°,晴,北风3级
2022-01-12 周三,15°,10°,多云,东北风2级
2022-01-13 周四,17°,10°,多云,东北风2级
2022-01-14 周五,15°,13°,多云,东风2级
2022-01-15 周六,19°,13°,多云,东北风1级
2022-01-16 周日,23°,13°,晴~阴,东南风1级
2022-01-17 周一,17°,12°,多云~小雨,北风3级
2022-01-18 周二,16°,12°,多云,北风3级
2022-01-19 周三,18°,10°,晴~多云,北风2级
2022-01-20 周四,21°,12°,多云~阴,东北风2级
2022-01-21 周五,23°,15°,多云~阴,东南风2级
2022-01-22 周六,21°,16°,多云~小雨,东风2级
2022-01-23 周日,21°,15°,多云~小雨,东北风1级
2022-01-24 周一,18°,14°,多云~阴,北风2级
2022-01-25 周二,19°,13°,阴~小雨,东北风2级
2022-01-26 周三,20°,16°,多云~小雨,东南风2级
2022-01-27 周四,26°,17°,多云~小雨,东南风2级
2022-01-28 周五,20°,12°,多云~阴,北风2级
2022-01-29 周六,14°,8°,多云~小雨,北风3级
2022-01-30 周日,14°,8°,多云,北风3级
2022-01-31 周一,9°,6°,小雨~中雨,东北风3级
2022-02-01 周二,11°,8°,中雨~小雨,北风3级
2022-02-02 周三,10°,7°,小雨~大雨,北风2级
2022-02-03 周四,10°,7°,小雨~多云,北风3级
2022-02-04 周五,15°,6°,多云,北风3级
2022-02-05 周六,13°,9°,多云,东北风3级
2022-02-06 周日,15°,11°,多云~大雨,东北风2级
2022-02-07 周一,15°,8°,小雨~阴,东北风2级
2022-02-08 周二,13°,9°,多云~阴,北风3级
2022-02-09 周三,11°,9°,多云~阴,北风2级
2022-02-10 周四,16°,8°,阴,东北风2级
2022-02-11 周五,22°,13°,多云~阴,北风1级
2022-02-12 周六,20°,15°,多云~小雨,北风2级
2022-02-13 周日,13°,9°,多云~小雨,北风3级
2022-02-14 周一,21°,10°,晴~多云,北风3级
2022-02-15 周二,21°,12°,多云~阴,东北风2级
2022-02-16 周三,20°,13°,多云~小雨,东南风2级
2022-02-17 周四,16°,13°,小雨~中雨,东南风2级
2022-02-18 周五,17°,10°,多云~小雨,东北风2级
2022-02-19 周六,9°,5°,中雨~大雨,北风4级
2022-02-20 周日,6°,4°,大雨,北风4级
2022-02-21 周一,7°,5°,中雨,北风3级
2022-02-22 周二,9°,6°,小雨~中雨,北风3级
2022-02-23 周三,14°,5°,多云,北风4级
2022-02-24 周四,16°,6°,多云~晴,北风3级
2022-02-25 周五,19°,8°,多云~晴,东北风2级
2022-02-26 周六,23°,10°,多云,北风1级
2022-02-27 周日,25°,13°,多云,东南风2级
2022-02-28 周一,25°,14°,阴~多云,东南风2级
2022-03-01 周二,27°,15°,阴~多云,西北风1级
2022-03-02 周三,27°,16°,多云,东北风2级
2022-03-03 周四,26°,17°,多云,东南风3级
2022-03-04 周五,28°,17°,多云,东南风2级
2022-03-05 周六,29°,17°,多云,东南风2级
2022-03-06 周日,25°,14°,多云~小雨,东南风3级
2022-03-07 周一,24°,12°,多云~晴,北风3级
2022-03-08 周二,24°,10°,晴,东北风3级
2022-03-09 周三,25°,12°,晴~多云,东南风2级
2022-03-10 周四,26°,15°,晴~多云,东南风2级
2022-03-11 周五,27°,16°,多云,东南风2级
2022-03-12 周六,28°,17°,多云,东南风3级
2022-03-13 周日,29°,18°,多云,东南风3级
2022-03-14 周一,30°,19°,多云,东南风2级
2022-03-15 周二,30°,19°,多云,东南风2级
2022-03-16 周三,26°,20°,多云~阵雨,东南风3级
2022-03-17 周四,29°,19°,多云~雷阵雨,南风2级
2022-03-18 周五,30°,20°,多云,北风2级
2022-03-19 周六,29°,21°,多云~阵雨,东南风3级
2022-03-20 周日,25°,22°,小雨~雷阵雨,东南风3级
2022-03-21 周一,27°,21°,多云~雷阵雨,东南风3级
2022-03-22 周二,29°,14°,多云~大雨,东南风3级
2022-03-23 周三,14°,13°,中雨,北风3级
2022-03-24 周四,16°,13°,中雨,东北风2级
2022-03-25 周五,23°,19°,暴雨~小雨,南风3级
2022-03-26 周六,31°,16°,大雨~小雨,西南风2级
2022-03-27 周日,22°,15°,多云~小雨,北风3级
2022-03-28 周一,16°,14°,小雨~阵雨,东北风3级
2022-03-29 周二,19°,18°,多云~中雨,东北风2级
2022-03-30 周三,27°,20°,雾~阴,东北风1级
2022-03-31 周四,30°,16°,多云~小雨,东北风1级
2022-04-01 周五,18°,12°,多云~小雨,北风4级
2022-04-02 周六,17°,12°,多云~阴,东北风4级
2022-04-03 周日,20°,10°,晴,东北风3级
2022-04-04 周一,26°,11°,晴,东北风2级
2022-04-05 周二,28°,15°,晴,西北风1级
2022-04-06 周三,30°,17°,多云~晴,东风2级
2022-04-07 周四,30°,16°,多云~晴,东北风2级
2022-04-08 周五,30°,16°,晴,西南风2级
2022-04-09 周六,30°,16°,晴,东南风2级
2022-04-10 周日,31°,17°,晴,南风2级
2022-04-11 周一,30°,18°,晴~多云,南风2级
2022-04-12 周二,30°,20°,多云,东南风3级
2022-04-13 周三,29°,19°,多云,西南风3级
2022-04-14 周四,30°,18°,阴~晴,北风3级
2022-04-15 周五,28°,20°,多云~小雨,东南风3级
2022-04-16 周六,24°,19°,多云~小雨,东南风3级
2022-04-17 周日,20°,17°,多云~小雨,东北风2级
2022-04-18 周一,16°,15°,小雨,北风3级
2022-04-19 周二,16°,15°,小雨,东北风2级
2022-04-20 周三,23°,17°,多云,东南风1级
2022-04-21 周四,28°,21°,多云,东南风2级
2022-04-22 周五,28°,22°,多云~阵雨,东南风3级
2022-04-23 周六,30°,23°,阴~雷阵雨,南风2级
2022-04-24 周日,29°,24°,多云~雷阵雨,东南风3级
2022-04-25 周一,32°,24°,多云~雷阵雨,南风3级
2022-04-26 周二,30°,24°,多云~雷阵雨,南风3级
2022-04-27 周三,32°,24°,多云,南风3级
2022-04-28 周四,31°,25°,小雨~雷阵雨,南风3级
2022-04-29 周五,30°,24°,多云~雷阵雨,南风2级
2022-04-30 周六,29°,16°,多云~中雨,东北风2级
2022-05-01 周日,17°,16°,大雨~小雨,北风3级
2022-05-02 周一,21°,16°,多云,东北风3级
2022-05-03 周二,26°,15°,多云~晴,东北风2级
2022-05-04 周三,29°,18°,多云,东北风2级
2022-05-05 周四,30°,19°,多云,东南风2级
2022-05-06 周五,30°,21°,多云~阵雨,东南风2级
2022-05-07 周六,26°,21°,中雨~雷阵雨,东南风2级
2022-05-08 周日,24°,22°,小雨~雷阵雨,东南风1级
2022-05-09 周一,28°,23°,多云~雷阵雨,东南风1级
2022-05-10 周二,27°,23°,小雨~暴雨,东南风3级
2022-05-11 周三,26°,22°,小雨~暴雨,东南风2级
2022-05-12 周四,27°,23°,大暴雨~暴雨,东风2级
2022-05-13 周五,24°,22°,大雨~中雨,北风2级
2022-05-14 周六,24°,19°,多云~中雨,东北风2级
2022-05-15 周日,24°,16°,小雨~中雨,东北风3级
2022-05-16 周一,22°,16°,多云,北风3级
2022-05-17 周二,28°,17°,多云,东北风2级
2022-05-18 周三,29°,19°,多云,东南风2级
2022-05-19 周四,30°,21°,多云,南风1级
2022-05-20 周五,32°,23°,多云~阵雨,南风2级
2022-05-21 周六,28°,24°,大暴雨~中雨,东南风1级
2022-05-22 周日,27°,24°,多云~大雨,东南风2级
2022-05-23 周一,26°,23°,多云~阴,东风2级
2022-05-24 周二,29°,24°,多云~雷阵雨,东风2级
2022-05-25 周三,29°,24°,多云~雷阵雨,东南风2级
2022-05-26 周四,31°,25°,多云~雷阵雨,南风2级
2022-05-27 周五,29°,24°,大雨~中雨,东南风2级
2022-05-28 周六,32°,25°,多云~雷阵雨,东南风3级
2022-05-29 周日,32°,25°,多云~雷阵雨,东南风3级
2022-05-30 周一,33°,25°,小雨~雷阵雨,东南风2级
2022-05-31 周二,31°,25°,阴~雷阵雨,东南风2级
2022-06-01 周三,31°,25°,多云~雷阵雨,南风2级
2022-06-02 周四,30°,26°,多云~雷阵雨,南风3级
2022-06-03 周五,32°,26°,中雨~雷阵雨,南风3级
2022-06-04 周六,32°,26°,阴~中雨,南风3级
2022-06-05 周日,32°,25°,多云~雷阵雨,西南风3级
2022-06-06 周一,32°,24°,小雨~大雨,西南风2级
2022-06-07 周二,27°,24°,大雨,东风1级
2022-06-08 周三,28°,24°,阴~中雨,东南风2级
2022-06-09 周四,26°,24°,暴雨~中雨,东南风2级
2022-06-10 周五,29°,25°,中雨,南风2级
2022-06-11 周六,27°,26°,阴~中雨,东南风2级
2022-06-12 周日,29°,26°,阴~雷阵雨,西南风2级
2022-06-13 周一,31°,24°,大雨~暴雨,西南风2级
2022-06-14 周二,27°,24°,中雨~大雨,东北风1级
2022-06-15 周三,30°,24°,多云~大雨,东南风1级
2022-06-16 周四,30°,24°,小雨~阵雨,东南风1级
2022-06-17 周五,31°,24°,多云~暴雨,南风3级
2022-06-18 周六,31°,25°,小雨~大雨,东南风3级
2022-06-19 周日,31°,25°,多云~雷阵雨,南风3级
2022-06-20 周一,30°,26°,小雨~雷阵雨,南风3级
2022-06-21 周二,29°,27°,多云~阴,东南风3级
2022-06-22 周三,33°,26°,多云,东南风3级
2022-06-23 周四,34°,26°,多云,东南风3级
2022-06-24 周五,34°,25°,多云,南风2级
2022-06-25 周六,32°,25°,多云,南风3级
2022-06-26 周日,34°,26°,多云,南风3级
2022-06-27 周一,33°,25°,多云,南风3级
2022-06-28 周二,34°,26°,多云,东南风3级
2022-06-29 周三,35°,26°,小雨~雷阵雨,东南风2级
2022-06-30 周四,32°,25°,多云~中雨,东风3级
2022-07-01 周五,32°,25°,多云~大雨,东北风3级
2022-07-02 周六,27°,25°,大雨,东风4级
2022-07-03 周日,29°,25°,暴雨~大雨,东南风4级
2022-07-04 周一,28°,26°,中雨~大雨,南风3级
2022-07-05 周二,30°,26°,多云~中雨,南风2级
2022-07-06 周三,30°,26°,多云~中雨,东南风2级
2022-07-07 周四,30°,26°,暴雨~雷阵雨,东南风2级
2022-07-08 周五,34°,26°,多云~雷阵雨,东南风2级
2022-07-09 周六,34°,26°,多云,东南风2级
2022-07-10 周日,36°,26°,多云,东南风2级
2022-07-11 周一,35°,26°,多云~晴,东南风2级
2022-07-12 周二,35°,26°,多云,东南风2级
2022-07-13 周三,36°,26°,多云~晴,东南风2级
2022-07-14 周四,35°,26°,晴~雷阵雨,南风2级
2022-07-15 周五,35°,26°,中雨~多云,西南风2级
2022-07-16 周六,35°,26°,多云~晴,西南风3级
2022-07-17 周日,35°,27°,多云~雷阵雨,西南风3级
2022-07-18 周一,35°,28°,多云~雷阵雨,南风3级
2022-07-19 周二,34°,27°,多云,东南风3级
2022-07-20 周三,35°,26°,多云~晴,东南风3级
2022-07-21 周四,35°,26°,多云~晴,东南风3级
2022-07-22 周五,37°,26°,晴,西南风2级
2022-07-23 周六,37°,27°,晴,西南风2级
2022-07-24 周日,38°,27°,晴,西南风2级
2022-07-25 周一,37°,27°,晴,南风2级
2022-07-26 周二,37°,28°,晴,东南风3级
2022-07-27 周三,37°,27°,多云~晴,南风2级
2022-07-28 周四,38°,27°,晴~多云,西南风2级
2022-07-29 周五,38°,27°,多云~晴,南风2级
2022-07-30 周六,36°,27°,多云~雷阵雨,东南风2级
2022-07-31 周日,36°,26°,晴~雷阵雨,西南风2级
2022-08-01 周一,36°,26°,多云~雷阵雨,南风2级
2022-08-02 周二,37°,25°,多云~中雨,南风2级
2022-08-03 周三,33°,25°,阴~暴雨,东南风2级
2022-08-04 周四,28°,25°,小雨~大雨,东风2级
2022-08-05 周五,31°,25°,多云~雷阵雨,东南风3级
2022-08-06 周六,33°,25°,多云~雷阵雨,东南风2级
2022-08-07 周日,34°,25°,多云,东南风2级
2022-08-08 周一,33°,25°,多云~雷阵雨,东南风3级
2022-08-09 周二,30°,24°,小雨~大雨,东北风3级
2022-08-10 周三,30°,25°,小雨~中雨,东风4级
2022-08-11 周四,30°,25°,小雨~雷阵雨,东南风3级
2022-08-12 周五,28°,25°,多云~雷阵雨,东南风2级
2022-08-13 周六,31°,24°,多云,东南风2级
2022-08-14 周日,34°,25°,多云,南风2级
2022-08-15 周一,36°,27°,多云,东南风2级
2022-08-16 周二,34°,26°,阴~雷阵雨,东南风2级
2022-08-17 周三,32°,26°,多云~雷阵雨,东南风3级
2022-08-18 周四,31°,25°,大雨~阵雨,东南风2级
2022-08-19 周五,32°,25°,多云~雷阵雨,东南风3级
2022-08-20 周六,33°,26°,阴~雷阵雨,东南风3级
2022-08-21 周日,31°,26°,小雨~多云,东南风3级
2022-08-22 周一,34°,26°,多云,西南风2级
2022-08-23 周二,36°,26°,多云,西北风2级
2022-08-24 周三,36°,26°,多云~大雨,东风3级
2022-08-25 周四,28°,25°,中雨,东南风4级
2022-08-26 周五,32°,25°,小雨~多云,东南风3级
2022-08-27 周六,34°,26°,多云,西南风2级
2022-08-28 周日,36°,26°,多云,南风2级
2022-08-29 周一,33°,26°,多云,东南风2级
2022-08-30 周二,31°,26°,大雨~雷阵雨,西南风1级
2022-08-31 周三,34°,25°,多云,东北风2级
2022-09-01 周四,31°,25°,多云,北风3级
2022-09-02 周五,31°,25°,多云~晴,北风3级
2022-09-03 周六,32°,24°,多云~晴,西北风3级
2022-09-04 周日,33°,24°,多云~晴,西北风3级
2022-09-05 周一,34°,24°,多云,西北风2级
2022-09-06 周二,35°,25°,多云~雷阵雨,东北风2级
2022-09-07 周三,32°,24°,多云~雷阵雨,东南风2级
2022-09-08 周四,34°,25°,多云~雷阵雨,东南风2级
2022-09-09 周五,34°,24°,多云,西北风2级
2022-09-10 周六,34°,24°,多云,南风1级
2022-09-11 周日,34°,24°,多云~晴,西北风2级
2022-09-12 周一,35°,24°,多云~晴,北风2级
2022-09-13 周二,36°,23°,晴,西北风2级
2022-09-14 周三,35°,23°,晴,西北风2级
2022-09-15 周四,35°,23°,晴,北风2级
2022-09-16 周五,35°,23°,晴,西北风2级
2022-09-17 周六,35°,24°,多云~晴,西北风1级
2022-09-18 周日,37°,25°,多云~晴,西风2级
2022-09-19 周一,35°,25°,多云,西北风2级
2022-09-20 周二,34°,24°,多云~雷阵雨,东南风2级
2022-09-21 周三,31°,25°,多云~雷阵雨,东南风2级
2022-09-22 周四,32°,24°,多云,东南风2级
2022-09-23 周五,32°,24°,多云,东北风2级
2022-09-24 周六,33°,25°,多云~晴,东风2级
2022-09-25 周日,34°,24°,多云~晴,东风2级
2022-09-26 周一,34°,24°,晴~多云,东北风2级
2022-09-27 周二,33°,24°,多云,东风2级
2022-09-28 周三,33°,25°,多云,东南风3级
2022-09-29 周四,33°,24°,阴~多云,东南风2级
2022-09-30 周五,31°,24°,中雨~多云,东南风3级
2022-10-01 周六,32°,24°,多云~雷阵雨,东南风2级
2022-10-02 周日,34°,24°,多云~晴,东南风3级
2022-10-03 周一,34°,25°,多云~晴,东南风2级
2022-10-04 周二,35°,24°,晴~雷阵雨,西南风1级
2022-10-05 周三,33°,24°,多云~雷阵雨,东南风2级
2022-10-06 周四,34°,23°,多云~雷阵雨,东南风2级
2022-10-07 周五,31°,23°,多云,北风2级
2022-10-08 周六,29°,21°,多云,东北风2级
2022-10-09 周日,30°,19°,多云~晴,北风3级
2022-10-10 周一,26°,16°,晴,东北风4级
2022-10-11 周二,27°,16°,晴,北风3级
2022-10-12 周三,29°,17°,晴,东北风2级
2022-10-13 周四,30°,16°,晴,北风2级
2022-10-14 周五,31°,18°,晴,东北风3级
2022-10-15 周六,31°,19°,晴,北风3级
2022-10-16 周日,31°,20°,多云,北风4级
2022-10-17 周一,29°,19°,多云~阴,北风4级
2022-10-18 周二,24°,15°,多云~小雨,东北风4级
2022-10-19 周三,25°,19°,多云,东北风3级
2022-10-20 周四,28°,19°,多云~晴,东北风2级
2022-10-21 周五,32°,19°,晴,东风1级
2022-10-22 周六,34°,20°,多云,东北风2级
2022-10-23 周日,34°,20°,晴,东北风2级
2022-10-24 周一,31°,18°,多云~晴,东风2级
2022-10-25 周二,30°,17°,多云~晴,东南风2级
2022-10-26 周三,29°,17°,晴,东南风2级
2022-10-27 周四,30°,18°,晴,东南风2级
2022-10-28 周五,30°,20°,晴,东北风2级
2022-10-29 周六,28°,20°,晴,东北风3级
2022-10-30 周日,28°,19°,晴~多云,北风4级
2022-10-31 周一,27°,19°,多云~阵雨,北风4级
2022-11-01 周二,26°,19°,多云~小雨,东北风4级
2022-11-02 周三,19°,18°,小雨,北风4级
2022-11-03 周四,20°,18°,小雨~阵雨,东北风3级
2022-11-04 周五,21°,17°,小雨,北风3级
2022-11-05 周六,20°,16°,多云~小雨,北风3级
2022-11-06 周日,19°,16°,小雨,东北风2级
2022-11-07 周一,21°,18°,小雨,东北风2级
2022-11-08 周二,21°,18°,小雨,东北风2级
2022-11-09 周三,27°,18°,多云,东北风1级
2022-11-10 周四,28°,19°,多云,东南风1级
2022-11-11 周五,30°,20°,多云~晴,东南风1级
2022-11-12 周六,29°,19°,多云~晴,东南风1级
2022-11-13 周日,31°,19°,晴~多云,东风1级
2022-11-14 周一,28°,20°,多云,东北风2级
2022-11-15 周二,27°,20°,多云~阴,东北风1级
2022-11-16 周三,26°,21°,多云~阴,东南风2级
2022-11-17 周四,27°,20°,多云~小雨,东南风2级
2022-11-18 周五,29°,20°,多云,东南风2级
2022-11-19 周六,29°,19°,多云,东北风2级
2022-11-20 周日,29°,20°,多云,东北风2级
2022-11-21 周一,29°,19°,多云~中雨,东南风2级
2022-11-22 周二,23°,20°,小雨,东风2级
2022-11-23 周三,22°,19°,小雨~中雨,东北风2级
2022-11-24 周四,22°,19°,中雨~小雨,东北风2级
2022-11-25 周五,22°,20°,小雨~中雨,东北风2级
2022-11-26 周六,22°,20°,小雨,东北风2级
2022-11-27 周日,25°,22°,多云,东南风3级
2022-11-28 周一,29°,22°,多云,东南风3级
2022-11-29 周二,28°,15°,多云~小雨,东南风2级
2022-11-30 周三,18°,9°,多云~阴,北风4级
2022-12-01 周四,12°,9°,多云~阴,北风4级
2022-12-02 周五,15°,10°,多云,北风3级
2022-12-03 周六,19°,12°,多云,北风2级
2022-12-04 周日,18°,12°,多云~阴,北风3级
2022-12-05 周一,14°,9°,多云,北风4级
2022-12-06 周二,15°,12°,多云~阴,北风3级
2022-12-07 周三,20°,11°,多云~晴,北风3级
2022-12-08 周四,22°,11°,多云~晴,北风3级
2022-12-09 周五,21°,12°,晴,北风3级
2022-12-10 周六,21°,11°,晴~多云,北风3级
2022-12-11 周日,16°,11°,多云,北风4级
2022-12-12 周一,17°,9°,晴~多云,北风4级
2022-12-13 周二,15°,10°,多云~阴,北风3级
2022-12-14 周三,14°,10°,多云~小雨,东北风3级
2022-12-15 周四,13°,12°,小雨,东北风2级
2022-12-16 周五,15°,8°,小雨~阴,北风3级
2022-12-17 周六,13°,4°,多云~晴,北风5级
2022-12-18 周日,14°,5°,晴,北风4级
2022-12-19 周一,19°,7°,晴~多云,东北风2级
2022-12-20 周二,20°,9°,晴~多云,东北风2级
2022-12-21 周三,20°,6°,多云~晴,北风4级
2022-12-22 周四,21°,8°,晴,东北风3级
2022-12-23 周五,22°,7°,多云~晴,东北风2级
2022-12-24 周六,22°,7°,晴,东北风3级
2022-12-25 周日,22°,6°,晴,东北风2级
2022-12-26 周一,22°,7°,晴,东北风2级
2022-12-27 周二,22°,8°,晴~多云,东北风2级
2022-12-28 周三,19°,9°,多云~阴,东北风3级
2022-12-29 周四,18°,9°,多云,北风3级
2022-12-30 周五,16°,7°,晴,北风3级
2022-12-31 周六,17°,9°,晴~多云,北风3级
2023-01-01 周日,19°,10°,多云,东北风2级
2023-01-02 周一,18°,11°,多云~阴,北风3级
2023-01-03 周二,18°,11°,多云~阵雨,北风3级
2023-01-04 周三,17°,13°,多云,东北风2级
2023-01-05 周四,24°,13°,多云~晴,东北风2级
2023-01-06 周五,22°,11°,多云~晴,北风3级
2023-01-07 周六,24°,14°,晴~小雨,东北风2级
2023-01-08 周日,20°,14°,多云~小雨,北风2级
2023-01-09 周一,16°,14°,小雨,北风2级
2023-01-10 周二,17°,15°,小雨,东北风2级
2023-01-11 周三,18°,16°,中雨~小雨,东北风2级
2023-01-12 周四,19°,18°,小雨,东北风2级
2023-01-13 周五,24°,20°,阴~多云,东南风2级
2023-01-14 周六,28°,13°,阴~小雨,西南风1级
2023-01-15 周日,13°,7°,阴,北风4级
2023-01-16 周一,9°,6°,阴~多云,北风4级
2023-01-17 周二,9°,7°,阴~多云,北风3级
2023-01-18 周三,15°,7°,多云~晴,北风3级
2023-01-19 周四,19°,8°,晴~多云,北风2级
2023-01-20 周五,21°,11°,晴~多云,东北风3级
2023-01-21 周六,21°,13°,多云~小雨,东南风1级
2023-01-22 周日,25°,14°,多云~阴,东北风1级
2023-01-23 周一,22°,11°,多云~阴,北风2级
2023-01-24 周二,15°,6°,多云,东北风5级
2023-01-25 周三,12°,8°,多云,东北风2级
2023-01-26 周四,18°,12°,晴~多云,东北风2级
2023-01-27 周五,13°,6°,多云~晴,北风4级
2023-01-28 周六,16°,4°,晴,北风3级
2023-01-29 周日,17°,4°,晴,北风3级
2023-01-30 周一,21°,6°,晴~多云,东北风1级
2023-01-31 周二,23°,13°,多云~阴,东南风1级
2023-02-01 周三,26°,15°,多云~阴,东北风1级
2023-02-02 周四,27°,15°,多云,东南风2级
2023-02-03 周五,22°,15°,多云~小雨,东南风1级
2023-02-04 周六,18°,15°,小雨~中雨,东北风1级
2023-02-05 周日,17°,14°,小雨,东北风2级
2023-02-06 周一,20°,16°,多云~小雨,西北风1级
2023-02-07 周二,22°,17°,多云~阴,东北风1级
2023-02-08 周三,22°,18°,多云~阴,东南风2级
2023-02-09 周四,25°,17°,多云~小雨,东南风2级
2023-02-10 周五,21°,19°,多云~阴,东南风1级
2023-02-11 周六,24°,19°,多云~阴,东南风3级
2023-02-12 周日,25°,18°,多云~小雨,东南风4级
2023-02-13 周一,25°,11°,小雨,东南风1级
2023-02-14 周二,16°,9°,多云,北风4级
2023-02-15 周三,18°,7°,晴,东北风3级
2023-02-16 周四,20°,9°,晴,东北风2级
2023-02-17 周五,24°,14°,多云,东南风1级
2023-02-18 周六,27°,15°,多云,东风1级
2023-02-19 周日,27°,13°,多云,北风3级
2023-02-20 周一,25°,12°,多云~晴,东北风3级
2023-02-21 周二,24°,10°,晴,东北风2级
2023-02-22 周三,23°,11°,晴,东北风1级
2023-02-23 周四,24°,12°,晴,西南风1级
2023-02-24 周五,24°,11°,晴~多云,北风3级
2023-02-25 周六,18°,9°,晴,东北风4级
2023-02-26 周日,21°,8°,多云~晴,东北风3级
2023-02-27 周一,22°,9°,晴,东北风2级
2023-02-28 周二,23°,11°,晴,东南风1级
2023-03-01 周三,26°,13°,晴,西北风1级
2023-03-02 周四,26°,12°,晴~多云,东北风2级
2023-03-03 周五,25°,14°,晴~多云,东南风2级
2023-03-04 周六,26°,13°,多云~晴,东北风2级
2023-03-05 周日,26°,11°,晴,东南风1级
2023-03-06 周一,26°,11°,晴,东南风2级
2023-03-07 周二,26°,13°,晴~多云,东南风3级
2023-03-08 周三,25°,15°,多云,西南风2级
2023-03-09 周四,29°,17°,晴~多云,东北风2级
2023-03-10 周五,27°,17°,多云,东南风3级
2023-03-11 周六,27°,16°,多云~阴,东南风3级
2023-03-12 周日,24°,15°,多云,东北风3级
2023-03-13 周一,22°,14°,多云,东北风2级
2023-03-14 周二,23°,15°,多云,东南风2级
2023-03-15 周三,26°,18°,多云,南风1级
2023-03-16 周四,27°,17°,多云,东南风3级
2023-03-17 周五,28°,16°,多云,东南风2级
2023-03-18 周六,28°,18°,多云,东南风1级
2023-03-19 周日,24°,20°,多云~阴,东南风3级
2023-03-20 周一,25°,21°,多云,东南风3级
2023-03-21 周二,24°,22°,多云~阴,东南风3级
2023-03-22 周三,26°,22°,多云~雷阵雨,东南风3级
2023-03-23 周四,29°,21°,多云~雷阵雨,东南风4级
2023-03-24 周五,24°,18°,大雨,东南风3级
2023-03-25 周六,24°,14°,中雨,东南风2级
2023-03-26 周日,16°,14°,多云~小雨,北风3级
2023-03-27 周一,14°,13°,中雨~阵雨,东北风2级
2023-03-28 周二,16°,14°,多云~雷阵雨,东北风2级
2023-03-29 周三,17°,15°,小雨~中雨,东北风2级
2023-03-30 周四,18°,17°,小雨,北风2级
2023-03-31 周五,18°,17°,小雨,北风2级
2023-04-01 周六,20°,19°,多云~阵雨,东北风1级
2023-04-02 周日,23°,20°,多云~阵雨,东南风3级
2023-04-03 周一,24°,21°,多云~雷阵雨,东南风4级
2023-04-04 周二,24°,21°,小雨~中雨,东南风4级
2023-04-05 周三,26°,19°,多云~大雨,东南风3级
2023-04-06 周四,28°,17°,小雨~阵雨,西北风1级
2023-04-07 周五,25°,16°,多云,北风3级
2023-04-08 周六,21°,17°,多云,东北风3级
2023-04-09 周日,23°,17°,多云~阵雨,东北风1级
2023-04-10 周一,22°,19°,多云,东南风2级
2023-04-11 周二,26°,20°,多云,东南风3级
2023-04-12 周三,29°,20°,多云,东南风2级
2023-04-13 周四,26°,22°,多云,东南风3级
2023-04-14 周五,27°,21°,多云~雷阵雨,南风3级
2023-04-15 周六,29°,19°,多云,北风3级
2023-04-16 周日,33°,20°,晴~多云,东南风1级
2023-04-17 周一,31°,22°,多云,东南风4级
2023-04-18 周二,27°,21°,阴~雷阵雨,东南风4级
2023-04-19 周三,27°,22°,大雨~中雨,西南风3级
2023-04-20 周四,30°,22°,多云~雷阵雨,东南风1级
2023-04-21 周五,26°,23°,多云~雷阵雨,东南风3级
2023-04-22 周六,27°,23°,多云~雷阵雨,东南风3级
2023-04-23 周日,29°,23°,多云~雷阵雨,东南风3级
2023-04-24 周一,25°,20°,暴雨~小雨,东北风1级
2023-04-25 周二,20°,16°,多云~阵雨,西北风3级
2023-04-26 周三,26°,17°,多云,北风3级
2023-04-27 周四,26°,20°,多云,东南风2级
2023-04-28 周五,28°,23°,多云~雷阵雨,东南风3级
2023-04-29 周六,26°,18°,大雨~多云,西北风3级
2023-04-30 周日,28°,20°,多云,北风3级
2023-05-01 周一,26°,19°,多云,东南风2级
2023-05-02 周二,27°,22°,多云,东南风3级
2023-05-03 周三,29°,23°,多云,东南风3级
2023-05-04 周四,31°,25°,阴~多云,东南风3级
2023-05-05 周五,30°,25°,多云,南风3级
2023-05-06 周六,29°,20°,多云~大雨,南风3级
2023-05-07 周日,26°,20°,暴雨~小雨,东北风2级
2023-05-08 周一,23°,21°,多云~阵雨,北风3级
2023-05-09 周二,25°,21°,多云~阴,东北风2级
2023-05-10 周三,26°,21°,多云~阴,东南风2级
2023-05-11 周四,23°,21°,阴~阵雨,东北风2级
2023-05-12 周五,21°,20°,小雨,西北风2级
2023-05-13 周六,25°,20°,多云~中雨,北风1级
2023-05-14 周日,26°,20°,多云,西北风1级
2023-05-15 周一,30°,20°,多云,南风1级
2023-05-16 周二,28°,23°,多云~雷阵雨,南风3级
2023-05-17 周三,32°,24°,多云~雷阵雨,西南风3级
2023-05-18 周四,35°,25°,阴~中雨,西南风1级
2023-05-19 周五,33°,25°,中雨~多云,东南风2级
2023-05-20 周六,33°,26°,多云,东南风3级
2023-05-21 周日,34°,27°,多云,南风3级
2023-05-22 周一,34°,23°,中雨,西南风2级
2023-05-23 周二,26°,23°,多云~阵雨,东北风2级
2023-05-24 周三,27°,22°,中雨~雷阵雨,东南风1级
2023-05-25 周四,32°,26°,多云,东南风3级
2023-05-26 周五,33°,26°,多云,东南风3级
2023-05-27 周六,34°,27°,多云~晴,东南风3级
2023-05-28 周日,33°,26°,多云~晴,东南风2级
2023-05-29 周一,35°,26°,晴,西风1级
2023-05-30 周二,38°,28°,晴,西北风2级
2023-05-31 周三,37°,27°,多云~雷阵雨,北风3级
日期,最高温度,最低温度,天气,风向
